Accuracy,Class0_Accuracy,Class1_Accuracy,Train_Class0_Count,Train_Class1_Count,Dataset,Ratio
0.49964362081254454,0.0,1.0,6313,6313,Mix,0.3
0.49750534568781185,0.01566951566951567,0.9800285306704708,6313,6313,Mix,0.3
0.49964362081254454,0.0,1.0,6313,6313,Mix,0.3
0.49964362081254454,0.0,1.0,6313,6313,Mix,0.3
0.49964362081254454,0.0,1.0,6313,6313,Mix,0.3
0.49964362081254454,0.0,1.0,6312,6314,Mix,0.3
0.5017818959372773,0.007122507122507123,0.9971469329529244,6312,6314,Mix,0.3
0.49964362081254454,0.0,1.0,6312,6314,Mix,0.3
0.49964362081254454,0.0,1.0,6312,6314,Mix,0.3
0.49964362081254454,0.0,1.0,6313,6314,Mix,0.3
0.5003563791874555,0.038461538461538464,0.9629101283880172,4734,4734,Mix,0.4
0.5003563791874555,0.0014245014245014246,1.0,4734,4735,Mix,0.4
0.5103349964362082,0.038461538461538464,0.9828815977175464,4734,4735,Mix,0.4
0.5595153243050606,0.5897435897435898,0.5292439372325249,4734,4735,Mix,0.4
0.4989308624376336,0.0,0.9985734664764622,4734,4735,Mix,0.4
0.5117605131860299,0.05698005698005698,0.9671897289586305,4734,4735,Mix,0.4
0.5017818959372773,0.024216524216524215,0.9800285306704708,4734,4735,Mix,0.4
0.5345687811831789,0.44017094017094016,0.6291012838801712,4734,4735,Mix,0.4
0.5459729151817534,0.4415954415954416,0.6504992867332382,4734,4735,Mix,0.4
0.5409836065573771,0.41452991452991456,0.6676176890156919,4734,4735,Mix,0.4
0.5844618674269423,0.7250712250712251,0.44365192582025675,3787,3788,Mix,0.5
0.5801853171774768,0.6951566951566952,0.46504992867332384,3787,3788,Mix,0.5
0.5759087669280114,0.688034188034188,0.463623395149786,3787,3788,Mix,0.5
0.5780470420527442,0.6866096866096866,0.4693295292439372,3787,3788,Mix,0.5
0.5766215253029223,0.6923076923076923,0.4607703281027104,3787,3788,Mix,0.5
0.5630791161796151,0.6438746438746439,0.48216833095577744,3787,3788,Mix,0.5
0.5773342836778332,0.6923076923076923,0.46219686162624823,3787,3788,Mix,0.5
0.5801853171774768,0.7136752136752137,0.44650499286733236,3788,3788,Mix,0.5
0.5694939415538133,0.6538461538461539,0.48502139800285304,3788,3788,Mix,0.5
0.5816108339272986,0.7606837606837606,0.40228245363766046,3787,3789,Mix,0.5
0.5260156806842481,0.33760683760683763,0.7146932952924394,3156,3157,Mix,0.6
0.5873129009265858,0.7364672364672364,0.43794579172610554,3156,3157,Mix,0.6
0.5908766928011404,0.7507122507122507,0.43081312410841655,3156,3157,Mix,0.6
0.5751960085531005,0.6680911680911681,0.48216833095577744,3156,3157,Mix,0.6
0.5680684248039914,0.5484330484330484,0.5877318116975749,3156,3157,Mix,0.6
0.5851746258018532,0.7350427350427351,0.43509272467902993,3157,3157,Mix,0.6
0.5808980755523877,0.717948717948718,0.44365192582025675,3157,3157,Mix,0.6
0.5409836065573771,0.47293447293447294,0.609129814550642,3157,3157,Mix,0.6
0.6001425516749822,0.8988603988603988,0.30099857346647646,3156,3158,Mix,0.6
0.5081967213114754,0.0754985754985755,0.9415121255349501,3156,3158,Mix,0.6
0.5972915181753385,0.792022792022792,0.40228245363766046,2704,2705,Mix,0.7
0.5887384176764077,0.6866096866096866,0.49072753209700426,2705,2705,Mix,0.7
0.5994297933000713,0.7279202279202279,0.47075606276747506,2705,2705,Mix,0.7
0.5915894511760513,0.7450142450142451,0.43794579172610554,2705,2705,Mix,0.7
0.5887384176764077,0.7207977207977208,0.456490727532097,2705,2705,Mix,0.7
0.5780470420527442,0.6438746438746439,0.5121255349500713,2705,2705,Mix,0.7
0.5930149679258732,0.7492877492877493,0.43651925820256776,2704,2706,Mix,0.7
0.5880256593014968,0.7706552706552706,0.4051355206847361,2704,2706,Mix,0.7
0.6072701354240913,0.8062678062678063,0.4079885877318117,2704,2706,Mix,0.7
0.601568068424804,0.7991452991452992,0.4037089871611983,2704,2706,Mix,0.7
0.6329294369208838,0.9045584045584045,0.3609129814550642,2367,2367,Mix,0.8
0.6714183891660727,0.8162393162393162,0.5263908701854494,2367,2368,Mix,0.8
0.6585887384176764,0.8447293447293447,0.47218259629101283,2367,2368,Mix,0.8
0.6528866714183892,0.8575498575498576,0.4479315263908702,2367,2368,Mix,0.8
0.6714183891660727,0.801994301994302,0.5406562054208274,2367,2368,Mix,0.8
0.66928011404134,0.8091168091168092,0.5292439372325249,2367,2368,Mix,0.8
0.6464718460441911,0.8632478632478633,0.42938659058487877,2367,2368,Mix,0.8
0.6421952957947256,0.8917378917378918,0.39229671897289586,2367,2368,Mix,0.8
0.6664290805416964,0.7977207977207977,0.5349500713266762,2367,2368,Mix,0.8
0.6678545972915182,0.7977207977207977,0.5378031383737518,2367,2368,Mix,0.8
0.6600142551674982,0.8703703703703703,0.44935805991440797,2103,2104,Mix,0.9
0.6614397719173201,0.8789173789173789,0.44365192582025675,2103,2104,Mix,0.9
0.6585887384176764,0.8732193732193733,0.44365192582025675,2103,2104,Mix,0.9
0.6507483962936564,0.8746438746438746,0.42653352353780316,2103,2104,Mix,0.9
0.6650035637918745,0.8675213675213675,0.46219686162624823,2103,2104,Mix,0.9
0.6478973627940128,0.8974358974358975,0.3980028530670471,2104,2104,Mix,0.9
0.6664290805416964,0.8504273504273504,0.48216833095577744,2104,2104,Mix,0.9
0.6550249465431219,0.8789173789173789,0.43081312410841655,2104,2104,Mix,0.9
0.6521739130434783,0.8632478632478633,0.44079885877318115,2103,2105,Mix,0.9
0.6528866714183892,0.8603988603988604,0.4450784593437946,2103,2105,Mix,0.9
0.579472558802566,0.6965811965811965,0.46219686162624823,3787,3788,Max,0.5
0.5773342836778332,0.6638176638176638,0.49072753209700426,3787,3788,Max,0.5
0.5702066999287242,0.6310541310541311,0.5092724679029957,3787,3788,Max,0.5
0.5780470420527442,0.6866096866096866,0.4693295292439372,3787,3788,Max,0.5
0.5730577334283677,0.6680911680911681,0.47788873038516405,3787,3788,Max,0.5
0.5645046329294369,0.6481481481481481,0.48074179743223966,3787,3788,Max,0.5
0.571632216678546,0.6495726495726496,0.49358059914407987,3787,3788,Max,0.5
0.5830363506771205,0.717948717948718,0.4479315263908702,3788,3788,Max,0.5
0.5659301496792587,0.6339031339031339,0.4978601997146933,3788,3788,Max,0.5
0.5844618674269423,0.9017094017094017,0.26676176890156916,3787,3789,Max,0.5
0.5958660014255167,0.792022792022792,0.39942938659058486,3156,3157,Max,0.6
0.5602280826799715,0.5683760683760684,0.5520684736091298,3156,3157,Max,0.6
0.5937277263007841,0.7578347578347578,0.42938659058487877,3156,3157,Max,0.6
0.5937277263007841,0.7279202279202279,0.4593437945791726,3156,3157,Max,0.6
0.5901639344262295,0.7264957264957265,0.4536376604850214,3156,3157,Max,0.6
0.5823235923022095,0.7165242165242165,0.4479315263908702,3157,3157,Max,0.6
0.5958660014255167,0.8945868945868946,0.2967189728958631,3157,3157,Max,0.6
0.5851746258018532,0.707977207977208,0.46219686162624823,3157,3157,Max,0.6
0.5987170349251604,0.8575498575498576,0.33951497860199714,3156,3158,Max,0.6
0.5830363506771205,0.7008547008547008,0.46504992867332384,3156,3158,Max,0.6
0.5980042765502495,0.8005698005698005,0.39514978601997147,2704,2705,Max,0.7
0.6151104775481112,0.8262108262108262,0.4037089871611983,2705,2705,Max,0.7
0.5987170349251604,0.7606837606837606,0.43651925820256776,2705,2705,Max,0.7
0.5844618674269423,0.7022792022792023,0.4664764621968616,2705,2705,Max,0.7
0.5937277263007841,0.7264957264957265,0.4607703281027104,2705,2705,Max,0.7
0.6122594440484675,0.792022792022792,0.4322396576319544,2705,2705,Max,0.7
0.5987170349251604,0.7564102564102564,0.44079885877318115,2704,2706,Max,0.7
0.5923022095509622,0.782051282051282,0.40228245363766046,2704,2706,Max,0.7
0.6051318602993585,0.8418803418803419,0.3680456490727532,2704,2706,Max,0.7
0.594440484675695,0.7934472934472935,0.39514978601997147,2704,2706,Max,0.7
0.6258018531717747,0.9202279202279202,0.3309557774607703,2367,2367,Max,0.8
0.6749821810406272,0.7735042735042735,0.5763195435092725,2367,2368,Max,0.8
0.6279401282965075,0.9002849002849003,0.35520684736091296,2367,2368,Max,0.8
0.6657163221667854,0.8276353276353277,0.5035663338088445,2367,2368,Max,0.8
0.6258018531717747,0.9188034188034188,0.33238231098430815,2367,2368,Max,0.8
0.6535994297933001,0.8774928774928775,0.42938659058487877,2367,2368,Max,0.8
0.6514611546685674,0.8675213675213675,0.43509272467902993,2367,2368,Max,0.8
0.6208125445473984,0.9173789173789174,0.3238231098430813,2367,2368,Max,0.8
0.6250890947968638,0.9074074074074074,0.34236804564907275,2367,2368,Max,0.8
0.6478973627940128,0.8817663817663818,0.4136947218259629,2367,2368,Max,0.8
0.6742694226657163,0.8404558404558404,0.5078459343794579,2103,2104,Max,0.9
0.6749821810406272,0.8418803418803419,0.5078459343794579,2103,2104,Max,0.9
0.6664290805416964,0.8475783475783476,0.48502139800285304,2103,2104,Max,0.9
0.6721311475409836,0.8347578347578347,0.5092724679029957,2103,2104,Max,0.9
0.6585887384176764,0.8618233618233618,0.4550641940085592,2103,2104,Max,0.9
0.6792587312900926,0.8247863247863247,0.5335235378031383,2104,2104,Max,0.9
0.6600142551674982,0.8660968660968661,0.4536376604850214,2104,2104,Max,0.9
0.6756949394155382,0.8347578347578347,0.5164051355206848,2104,2104,Max,0.9
0.6628652886671419,0.8361823361823362,0.4893009985734665,2103,2105,Max,0.9
0.66928011404134,0.8347578347578347,0.5035663338088445,2103,2105,Max,0.9
0.5609408410548824,0.5769230769230769,0.5449358059914408,3787,3788,Q1,0.5
0.5980042765502495,0.8418803418803419,0.3537803138373752,3787,3788,Q1,0.5
0.5851746258018532,0.7293447293447294,0.44079885877318115,3787,3788,Q1,0.5
0.5659301496792587,0.6452991452991453,0.4864479315263909,3787,3788,Q1,0.5
0.5837491090520314,0.9572649572649573,0.20970042796005706,3787,3788,Q1,0.5
0.5531004989308624,0.5413105413105413,0.5649072753209701,3787,3788,Q1,0.5
0.5652173913043478,0.6011396011396012,0.5292439372325249,3787,3788,Q1,0.5
0.5751960085531005,0.6823361823361823,0.46790299572039945,3788,3788,Q1,0.5
0.5516749821810406,0.5227920227920227,0.5805991440798859,3788,3788,Q1,0.5
0.6044191019244476,0.8945868945868946,0.31383737517831667,3787,3789,Q1,0.5
0.6122594440484675,0.7193732193732194,0.5049928673323824,3156,3157,Q1,0.6
0.5844618674269423,0.717948717948718,0.4507845934379458,3156,3157,Q1,0.6
0.5580898075552387,0.5584045584045584,0.557774607703281,3156,3157,Q1,0.6
0.5923022095509622,0.7535612535612536,0.43081312410841655,3156,3157,Q1,0.6
0.6222380612972203,0.6011396011396012,0.6433666191155493,3156,3157,Q1,0.6
0.5930149679258732,0.707977207977208,0.47788873038516405,3157,3157,Q1,0.6
0.5965787598004276,0.8760683760683761,0.3166904422253923,3157,3157,Q1,0.6
0.5830363506771205,0.6837606837606838,0.48216833095577744,3157,3157,Q1,0.6
0.5915894511760513,0.8561253561253561,0.32667617689015693,3156,3158,Q1,0.6
0.6115466856735566,0.8888888888888888,0.3338088445078459,3156,3158,Q1,0.6
0.6635780470420527,0.7905982905982906,0.536376604850214,2704,2705,Q1,0.7
0.6101211689237348,0.8247863247863247,0.39514978601997147,2705,2705,Q1,0.7
0.5937277263007841,0.7492877492877493,0.43794579172610554,2705,2705,Q1,0.7
0.6514611546685674,0.7905982905982906,0.5121255349500713,2705,2705,Q1,0.7
0.662152530292231,0.7350427350427351,0.5891583452211127,2705,2705,Q1,0.7
0.6250890947968638,0.8903133903133903,0.3594864479315264,2705,2705,Q1,0.7
0.5887384176764077,0.7492877492877493,0.42796005706134094,2704,2706,Q1,0.7
0.5972915181753385,0.7720797720797721,0.4222539229671897,2704,2706,Q1,0.7
0.6122594440484675,0.8347578347578347,0.38944365192582026,2704,2706,Q1,0.7
0.5937277263007841,0.7535612535612536,0.43366619115549215,2704,2706,Q1,0.7
0.6635780470420527,0.8390313390313391,0.48787446504992865,2367,2367,Q1,0.8
0.6600142551674982,0.8333333333333334,0.4864479315263909,2367,2368,Q1,0.8
0.6628652886671419,0.8347578347578347,0.49072753209700426,2367,2368,Q1,0.8
0.6707056307911617,0.8276353276353277,0.5135520684736091,2367,2368,Q1,0.8
0.6486101211689237,0.8504273504273504,0.44650499286733236,2367,2368,Q1,0.8
0.6707056307911617,0.8205128205128205,0.5206847360912982,2367,2368,Q1,0.8
0.654312188168211,0.8319088319088319,0.4764621968616263,2367,2368,Q1,0.8
0.6742694226657163,0.8319088319088319,0.5164051355206848,2367,2368,Q1,0.8
0.6785459729151817,0.801994301994302,0.5549215406562055,2367,2368,Q1,0.8
0.6642908054169636,0.8276353276353277,0.5007132667617689,2367,2368,Q1,0.8
0.6714183891660727,0.8475783475783476,0.4950071326676177,2103,2104,Q1,0.9
0.6785459729151817,0.8404558404558404,0.5164051355206848,2103,2104,Q1,0.9
0.6650035637918745,0.8603988603988604,0.4693295292439372,2103,2104,Q1,0.9
0.6628652886671419,0.8447293447293447,0.48074179743223966,2103,2104,Q1,0.9
0.6628652886671419,0.8532763532763533,0.47218259629101283,2103,2104,Q1,0.9
0.6593014967925873,0.8461538461538461,0.47218259629101283,2104,2104,Q1,0.9
0.6600142551674982,0.8561253561253561,0.463623395149786,2104,2104,Q1,0.9
0.6657163221667854,0.8504273504273504,0.48074179743223966,2104,2104,Q1,0.9
0.6578759800427655,0.8433048433048433,0.47218259629101283,2103,2105,Q1,0.9
0.6628652886671419,0.8490028490028491,0.4764621968616263,2103,2105,Q1,0.9
0.5630791161796151,0.6225071225071225,0.5035663338088445,3787,3788,Q3,0.5
0.5545260156806843,0.5455840455840456,0.5634807417974322,3787,3788,Q3,0.5
0.5623663578047042,0.6011396011396012,0.5235378031383737,3787,3788,Q3,0.5
0.5673556664290805,0.6908831908831908,0.44365192582025675,3787,3788,Q3,0.5
0.5253029223093372,0.21937321937321938,0.8316690442225392,3787,3788,Q3,0.5
0.5302922309337135,0.18091168091168092,0.8801711840228246,3787,3788,Q3,0.5
0.5652173913043478,0.5954415954415955,0.5349500713266762,3787,3788,Q3,0.5
0.5466856735566643,0.47293447293447294,0.6205420827389444,3788,3788,Q3,0.5
0.5588025659301497,0.5484330484330484,0.5691868758915835,3788,3788,Q3,0.5
0.5659301496792587,0.5897435897435898,0.5420827389443652,3787,3789,Q3,0.5
0.5915894511760513,0.8575498575498576,0.3252496433666191,3156,3157,Q3,0.6
0.594440484675695,0.7421652421652422,0.44650499286733236,3156,3157,Q3,0.6
0.5637918745545261,0.603988603988604,0.5235378031383737,3156,3157,Q3,0.6
0.5894511760513186,0.7307692307692307,0.4479315263908702,3156,3157,Q3,0.6
0.5923022095509622,0.8760683760683761,0.30813124108416545,3156,3157,Q3,0.6
0.5951532430506058,0.8689458689458689,0.3209700427960057,3157,3157,Q3,0.6
0.5915894511760513,0.8931623931623932,0.289586305278174,3157,3157,Q3,0.6
0.5937277263007841,0.8561253561253561,0.3309557774607703,3157,3157,Q3,0.6
0.5894511760513186,0.8290598290598291,0.34950071326676174,3156,3158,Q3,0.6
0.594440484675695,0.8846153846153846,0.30385164051355207,3156,3158,Q3,0.6
0.5787598004276551,0.6951566951566952,0.46219686162624823,2704,2705,Q3,0.7
0.6122594440484675,0.7279202279202279,0.4964336661911555,2705,2705,Q3,0.7
0.5972915181753385,0.7863247863247863,0.4079885877318117,2705,2705,Q3,0.7
0.586600142551675,0.8561253561253561,0.3166904422253923,2705,2705,Q3,0.7
0.5880256593014968,0.6210826210826211,0.5549215406562055,2705,2705,Q3,0.7
0.5901639344262295,0.7279202279202279,0.4522111269614836,2705,2705,Q3,0.7
0.5937277263007841,0.7535612535612536,0.43366619115549215,2704,2706,Q3,0.7
0.5972915181753385,0.7720797720797721,0.4222539229671897,2704,2706,Q3,0.7
0.5887384176764077,0.7279202279202279,0.44935805991440797,2704,2706,Q3,0.7
0.5994297933000713,0.7806267806267806,0.41797432239657634,2704,2706,Q3,0.7
0.66928011404134,0.698005698005698,0.6405135520684736,2367,2367,Q3,0.8
0.6364932287954383,0.8746438746438746,0.3980028530670471,2367,2368,Q3,0.8
0.6550249465431219,0.8660968660968661,0.44365192582025675,2367,2368,Q3,0.8
0.6343549536707056,0.8632478632478633,0.4051355206847361,2367,2368,Q3,0.8
0.6650035637918745,0.7706552706552706,0.5592011412268189,2367,2368,Q3,0.8
0.6593014967925873,0.8162393162393162,0.5021398002853067,2367,2368,Q3,0.8
0.6429080541696365,0.8760683760683761,0.4094151212553495,2367,2368,Q3,0.8
0.6329294369208838,0.8917378917378918,0.37375178316690444,2367,2368,Q3,0.8
0.6821097647897363,0.6723646723646723,0.6918687589158345,2367,2368,Q3,0.8
0.6222380612972203,0.8846153846153846,0.3594864479315264,2367,2368,Q3,0.8
0.6571632216678546,0.8418803418803419,0.47218259629101283,2103,2104,Q3,0.9
0.6642908054169636,0.8518518518518519,0.4764621968616263,2103,2104,Q3,0.9
0.6578759800427655,0.8589743589743589,0.456490727532097,2103,2104,Q3,0.9
0.6593014967925873,0.8532763532763533,0.46504992867332384,2103,2104,Q3,0.9
0.6528866714183892,0.8547008547008547,0.4507845934379458,2103,2104,Q3,0.9
0.6735566642908054,0.8433048433048433,0.5035663338088445,2104,2104,Q3,0.9
0.6607270135424091,0.8589743589743589,0.46219686162624823,2104,2104,Q3,0.9
0.6635780470420527,0.8404558404558404,0.4864479315263909,2104,2104,Q3,0.9
0.6685673556664291,0.8247863247863247,0.5121255349500713,2103,2105,Q3,0.9
0.6657163221667854,0.8461538461538461,0.48502139800285304,2103,2105,Q3,0.9
0.5930149679258732,0.8532763532763533,0.33238231098430815,3787,3788,Q2,0.5
0.5908766928011404,0.8532763532763533,0.3281027104136947,3787,3788,Q2,0.5
0.5787598004276551,0.6894586894586895,0.46790299572039945,3787,3788,Q2,0.5
0.6115466856735566,0.7849002849002849,0.43794579172610554,3787,3788,Q2,0.5
0.5673556664290805,0.6695156695156695,0.46504992867332384,3787,3788,Q2,0.5
0.5652173913043478,0.6566951566951567,0.47360912981455067,3787,3788,Q2,0.5
0.5687811831789024,0.6609686609686609,0.4764621968616263,3787,3788,Q2,0.5
0.5730577334283677,0.6923076923076923,0.4536376604850214,3788,3788,Q2,0.5
0.586600142551675,0.8803418803418803,0.29243937232524964,3788,3788,Q2,0.5
0.5873129009265858,0.8945868945868946,0.2796005706134094,3787,3789,Q2,0.5
0.6186742694226657,0.4358974358974359,0.8017118402282454,3156,3157,Q2,0.6
0.5488239486813971,0.5213675213675214,0.5763195435092725,3156,3157,Q2,0.6
0.5894511760513186,0.7492877492877493,0.42938659058487877,3156,3157,Q2,0.6
0.4982181040627227,0.005698005698005698,0.9914407988587732,3156,3157,Q2,0.6
0.5488239486813971,0.23646723646723647,0.8616262482168331,3156,3157,Q2,0.6
0.5837491090520314,0.7336182336182336,0.43366619115549215,3157,3157,Q2,0.6
0.6414825374198146,0.5797720797720798,0.703281027104137,3157,3157,Q2,0.6
0.5545260156806843,0.5982905982905983,0.5106990014265336,3157,3157,Q2,0.6
0.6044191019244476,0.8689458689458689,0.33951497860199714,3156,3158,Q2,0.6
0.49964362081254454,0.0,1.0,3156,3158,Q2,0.6
0.5894511760513186,0.7407407407407407,0.43794579172610554,2704,2705,Q2,0.7
0.5951532430506058,0.7635327635327636,0.42653352353780316,2705,2705,Q2,0.7
0.594440484675695,0.7521367521367521,0.43651925820256776,2705,2705,Q2,0.7
0.6079828937990022,0.7849002849002849,0.43081312410841655,2705,2705,Q2,0.7
0.5823235923022095,0.6994301994301995,0.46504992867332384,2705,2705,Q2,0.7
0.5987170349251604,0.8176638176638177,0.37945791726105566,2705,2705,Q2,0.7
0.5980042765502495,0.8247863247863247,0.37089871611982883,2704,2706,Q2,0.7
0.5951532430506058,0.7849002849002849,0.4051355206847361,2704,2706,Q2,0.7
0.5837491090520314,0.6937321937321937,0.47360912981455067,2704,2706,Q2,0.7
0.5894511760513186,0.7350427350427351,0.44365192582025675,2704,2706,Q2,0.7
0.6628652886671419,0.792022792022792,0.5335235378031383,2367,2367,Q2,0.8
0.6642908054169636,0.811965811965812,0.5164051355206848,2367,2368,Q2,0.8
0.6528866714183892,0.8262108262108262,0.4793152639087018,2367,2368,Q2,0.8
0.6528866714183892,0.8319088319088319,0.47360912981455067,2367,2368,Q2,0.8
0.6756949394155382,0.7792022792022792,0.572039942938659,2367,2368,Q2,0.8
0.6571632216678546,0.8133903133903134,0.5007132667617689,2367,2368,Q2,0.8
0.6528866714183892,0.8290598290598291,0.4764621968616263,2367,2368,Q2,0.8
0.6557377049180327,0.8034188034188035,0.5078459343794579,2367,2368,Q2,0.8
0.6478973627940128,0.8190883190883191,0.4764621968616263,2367,2368,Q2,0.8
0.6742694226657163,0.7934472934472935,0.5549215406562055,2367,2368,Q2,0.8
0.662152530292231,0.8575498575498576,0.4664764621968616,2103,2104,Q2,0.9
0.6664290805416964,0.8475783475783476,0.48502139800285304,2103,2104,Q2,0.9
0.654312188168211,0.8931623931623932,0.41512125534950073,2103,2104,Q2,0.9
0.6749821810406272,0.8603988603988604,0.4893009985734665,2103,2104,Q2,0.9
0.662152530292231,0.8675213675213675,0.456490727532097,2103,2104,Q2,0.9
0.6628652886671419,0.8703703703703703,0.4550641940085592,2104,2104,Q2,0.9
0.6614397719173201,0.8589743589743589,0.463623395149786,2104,2104,Q2,0.9
0.6721311475409836,0.8518518518518519,0.4921540656205421,2104,2104,Q2,0.9
0.6550249465431219,0.8561253561253561,0.4536376604850214,2103,2105,Q2,0.9
0.6714183891660727,0.8433048433048433,0.4992867332382311,2103,2105,Q2,0.9
