encoding,zeros_mean,zeros_median,len_norm_mean,len_norm_median,res_norm_mean,res_norm_median
WCYKMVHQFDGRLITNEASP,1031.4824434126524,1022.0,4.318122202215616,2.498145031509895,0.8420264844184917,0.8342857142857143
ETHMDRFVICQAYWLSKPNG,1029.6691816598955,1020.0,4.315468194832103,2.4932341656479586,0.8405462707427718,0.8326530612244898
PFWALGEMCVITRDNHYQSK,1031.7909170052235,1022.0,4.320291990955091,2.492020475760313,0.8422782995961008,0.8342857142857143
RDCVFTHISPLNYWQGAKEM,1028.8094892629135,1019.0,4.312855199279306,2.4852216748768474,0.8398444810309498,0.8318367346938775
YEWHQFAVPNSMLDTIKCGR,1029.219384793964,1019.0,4.314558189434598,2.4842581787689184,0.8401790896277257,0.8318367346938775
DGVYPCNMQWIFKLATHSRE,1030.5613755078352,1021.0,4.3173982853712,2.4939317170884028,0.841274592251294,0.833469387755102
VIGHKDSRFNPCWATQYELM,1028.887550783517,1018.0,4.312731846249473,2.486519526861825,0.8399082047212385,0.8310204081632653
CVDGNAWHQYMRKTLPIEFS,1030.2073418456182,1020.0,4.315577611869024,2.490757861443951,0.8409855851800963,0.8326530612244898
INHSWFPDQCTARYKMGLVE,1029.505658734765,1020.0,4.315092422655299,2.4913792580459244,0.8404127826406245,0.8326530612244898
EHIGTSDFLMWNRAPQYVKC,1029.4669181659895,1019.0,4.315421830667747,2.4853299856527977,0.840381157686522,0.8318367346938775
IMGHEWQDRKVTYPNCASFL,1029.1449506674405,1019.0,4.314491373842167,2.4867660656495607,0.8401183270754616,0.8318367346938775
EGMHRYSLWFNAKDICPQVT,1029.3907428903076,1019.0,4.31437451093283,2.4854987857276294,0.8403189737880062,0.8318367346938775
YQLIRTMKGFCWAPSEDVHN,1029.1590249564713,1019.0,4.312926904517755,2.49009900990099,0.840129816290997,0.8318367346938775
NPACKGISRQEVLFDHYMTW,1029.5404817179337,1019.0,4.315015008544207,2.489623586660942,0.8404412095656602,0.8318367346938775
YGDCFRETVLQKASWMHIPN,1031.074869413813,1021.0,4.319076869097562,2.4951099952175992,0.8416937709500515,0.833469387755102
YSELFDMTQCHVRINWAGPK,1030.8578061520604,1021.0,4.317482691176115,2.4951099952175992,0.8415165764506616,0.833469387755102
EVTSPIHDKMAYWQFNCGRL,1030.416715031921,1020.0,4.316563031271862,2.485991929262358,0.8411565020668743,0.8326530612244898
REDQGKPCMNIFWALTHYVS,1031.7967208357516,1022.0,4.320056645083863,2.4927003410059676,0.84228303741694,0.8342857142857143
EFYAPNHILWCTQKSDRVGM,1029.814132327336,1020.0,4.315136789147063,2.4926470588235294,0.8406645978182335,0.8326530612244898
ITQELAFNPCGYHVWSMKDR,1028.571967498549,1018.0,4.313072014489617,2.491463363851064,0.8396505857131012,0.8310204081632653
TQMFCRVPYGKWADIHNLSE,1029.4246952988972,1019.0,4.314109901591464,2.4864864864864864,0.8403466900399162,0.8318367346938775
IMYQGVWNHRCDPEKATFSL,1031.714451538015,1022.0,4.320122700516083,2.5,0.8422158788065429,0.8342857142857143
MRVECIGLQDWKTNSHYAPF,1028.9313697040047,1019.0,4.313533411088548,2.4834753583585023,0.8399439752685753,0.8318367346938775
AMDCFGRSETINPQVWLKHY,1028.163813116657,1017.0,4.312183507828038,2.4841075794621026,0.8393173984625772,0.830204081632653
QHVGLKRTIMPYWSNFCAED,1030.670197330238,1021.0,4.317543712864509,2.4938118432742087,0.841363426392031,0.833469387755102
QNDMHWTAEICGRLYVKPSF,1031.0670342426001,1021.0,4.318634356833584,2.493282166881351,0.8416873748919185,0.833469387755102
KWPRNLGSIVDFAMQEYCTH,1028.9513929193267,1019.0,4.313226145242744,2.490171930841302,0.8399603207504709,0.8318367346938775
ISANVEHFRPMDCQLWGTKY,1029.527713290772,1019.0,4.314850770099257,2.486585286051672,0.8404307863598138,0.8318367346938775
NMYQFRDHLKWSTVPIEAGC,1030.0134939059778,1020.0,4.316162598782495,2.4865175830184034,0.8408273419640637,0.8326530612244898
INSVFHMRWQEGTCLAKDPY,1029.5873476494487,1020.0,4.315957331680661,2.4883909093088485,0.8404794674689378,0.8326530612244898
NASRLHMKTECWDIPFVQYG,1030.7766976204296,1021.0,4.316980876463121,2.4901960784313726,0.8414503654044322,0.833469387755102
SAGQKFEICLNVYRMPHDTW,1027.6551073708647,1017.5,4.310813218235086,2.485444958317377,0.838902128466012,0.8306122448979592
KSHPVAQDRTCYFLMWEIGN,1030.4040917005223,1020.0,4.315996500776654,2.490199023206358,0.8411461973065489,0.8326530612244898
VKSWGANFYCRMPTQHELDI,1029.0787869994197,1019.0,4.3137260568217,2.4896782081723785,0.8400643159178934,0.8318367346938775
SIYQATPRHKVDWNGEFLMC,1029.3847939640164,1020.0,4.314434591746034,2.4879763226045135,0.8403141175216459,0.8326530612244898
DGTQREFHIMWNKYAVCPSL,1031.0338073128264,1022.0,4.318310852967853,2.4956941939700563,0.8416602508676134,0.8342857142857143
VQRWNTEAFHIYLPSMCKDG,1028.6282646546722,1018.0,4.312829489814518,2.485294117647059,0.8396965425752424,0.8310204081632653
CRWHAFDYLVIQKGMTEPNS,1029.6552524666279,1019.5,4.315325100436129,2.488374183496135,0.8405348999727575,0.8322448979591837
RKGWHTQEVSMAPLIYDFNC,1030.7057457922228,1020.0,4.317751693988824,2.4939171308986072,0.8413924455446717,0.8326530612244898
DRQGIPVMCKSTNEHFAWYL,1029.67890307603,1020.0,4.315305112719699,2.4922117657966716,0.8405542065926777,0.8326530612244898
LYQFKNVTASRMEDWPCGIH,1027.8797156123042,1018.0,4.311882407727603,2.4827582022908175,0.8390854821324932,0.8310204081632653
MNRHFSTVQKGILWCYDPEA,1030.0901044689494,1020.0,4.315909396176044,2.4896408265973484,0.8408898811991424,0.8326530612244898
AVSCKGNEWTQDLYFPIMRH,1026.7009576320372,1016.0,4.309085218583788,2.4809823192176133,0.8381232307200303,0.8293877551020408
LHYRGKPMSWIDQNCETVAF,1027.5995356935578,1017.0,4.310774428000615,2.487562189054726,0.8388567638314756,0.830204081632653
SRLDGNWCHPIKMTFAYQVE,1031.1144805571678,1021.0,4.317147669971098,2.492664992826399,0.8417261065772799,0.833469387755102
PTYDSVMIQHRGCKLFWAEN,1029.913813116657,1020.0,4.316028493215457,2.488291466455812,0.8407459698911486,0.8326530612244898
CEFMYPSQLRHIAWDVTNKG,1029.8820371445154,1020.0,4.316153276326287,2.4877450980392157,0.8407200303220534,0.8326530612244898
MRWFSDCGLPQNVAETKYHI,1030.5628264654672,1021.0,4.317393381194967,2.491427369938724,0.8412757767065039,0.833469387755102
CLGIKPWENMQSDRHYTFVA,1029.8067324434126,1020.0,4.315166364428221,2.4920084001065144,0.8406585570966635,0.8326530612244898
RYLHWIVENAFDCTSGPKQM,1028.8872605919908,1019.0,4.312972280827039,2.4860647451570435,0.8399079678301965,0.8318367346938775
SKLWEYIDVMPGHFRCQNAT,1028.572692977365,1018.0,4.312654802656825,2.4871837688903735,0.8396511779407061,0.8310204081632653
CPSDIHEKQNMRVFTWYLAG,1030.1762913522925,1020.0,4.3164922414354425,2.4901233965761107,0.8409602378386061,0.8326530612244898
HDFKVITLPCWESRYMGAQN,1030.6527858386535,1021.0,4.317603008945025,2.4915048043218277,0.8413492129295131,0.833469387755102
ARIVKNCQHEFWSDYMLPTG,1029.7939640162508,1020.0,4.315610417618322,2.4913792580459244,0.8406481338908169,0.8326530612244898
EQVNWPFMHLRTKACIYDGS,1028.987811955891,1020.0,4.314105197485806,2.4896015630618753,0.8399900505762374,0.8326530612244898
FYDLMRPSVEAHCNTWGKIQ,1029.4557457922228,1019.0,4.314209356652549,2.485294117647059,0.8403720373814064,0.8318367346938775
GRETQVCKPYHIWLMNDASF,1028.1954439930355,1018.0,4.31146171474176,2.4816166531494996,0.8393432195861513,0.8310204081632653
EFAHPMTQNRWLICVKDYGS,1029.092571096924,1019.0,4.31361278486643,2.4878048780487805,0.840075568242387,0.8318367346938775
TQPNIDVKSHWGMCLFYRAE,1029.795560069646,1019.0,4.3151456211303385,2.486453119786453,0.8406494367915477,0.8318367346938775
DYFKMCHRITWEALGSNQPV,1032.360417875798,1022.0,4.320667691861599,2.4950980392156863,0.8427431982659576,0.8342857142857143
RVYPFAGTINDWLKESMHCQ,1029.7256239117817,1020.0,4.315458350916546,2.486584647601597,0.8405923460504343,0.8326530612244898
HLQPAYFKGICMNVRSTDWE,1029.2968659315147,1019.0,4.314057711352364,2.487813148830098,0.8402423395359305,0.8318367346938775
PHIDASTEKYQRFCGMNLVW,1028.5464306442252,1019.0,4.313580187783187,2.4835941652394733,0.8396297393014084,0.8318367346938775
SFCLQIMTYKGEHDWRVANP,1028.0177016831108,1018.0,4.312168459995814,2.48376002503361,0.8391981238229477,0.8310204081632653
LGENIQYPCADRVMKSTWHF,1028.950812536274,1019.0,4.313830965157102,2.4877450980392157,0.8399598469683869,0.8318367346938775
MAESPVFDNLQYGWCTHIKR,1030.4976784677888,1020.0,4.316693149720108,2.490219522693577,0.8412225946675826,0.8326530612244898
CTFGELVKDRHPNIAWMSQY,1031.149593731863,1021.0,4.318476683382995,2.4938573455280872,0.8417547703933576,0.833469387755102
KCDQFWVATPRHYNSLIGME,1029.4524085896692,1019.0,4.314256092735571,2.491314922570118,0.8403693131344238,0.8318367346938775
TDCGRLQNEHVYKSAPMFIW,1028.9776552524665,1019.0,4.313621924984685,2.4883193124735214,0.8399817593897687,0.8318367346938775
RTVIDQPEMFGSAHCKWYLN,1029.0919907138712,1019.0,4.314069963320895,2.484029484029484,0.840075094460303,0.8318367346938775
HSMENPDLCTQVKIFGYAWR,1026.897417295415,1016.0,4.308798170206713,2.4828849832615973,0.8382836059554407,0.8293877551020408
FRGISVPLEWHMACDTKYQN,1029.9605339524087,1020.0,4.315806987808006,2.489023802583125,0.840784109348905,0.8326530612244898
PHELDCNFQAKSIVTWGMRY,1030.1919616947184,1020.0,4.316565527843465,2.4926827527127355,0.8409730299548722,0.8326530612244898
DANLYSPGFQIVHCEKTMRW,1029.0364190365642,1019.0,4.313610599138811,2.4889972919170003,0.8400297298257666,0.8318367346938775
ACVSIQHDKRETNGMPWFYL,1028.9275972141613,1019.0,4.313430015507772,2.4871837688903735,0.8399408956850297,0.8318367346938775
WNQFPLGERSIYCDHMAKVT,1030.50362739408,1020.0,4.316525356712601,2.490171930841302,0.8412274509339429,0.8326530612244898
NLTHSEVGFPRWKQDYMAIC,1028.6095473012188,1019.0,4.31280048912193,2.487213953377961,0.8396812631030358,0.8318367346938775
RKCTQDSLMFHYVEPWIAGN,1029.7452118398144,1020.0,4.315324753721001,2.4896207287256247,0.8406083361957667,0.8326530612244898
YIDQCMSAVHTFNWPERLKG,1029.0834300638421,1019.0,4.313894866581131,2.4867668928339066,0.8400681061745651,0.8318367346938775
HRAWVGLQFDPNYSTICKEM,1029.3289320951828,1020.0,4.314336658046077,2.4914215170938885,0.8402685159960677,0.8326530612244898
VQPLKYNAFDGCTRIWEMHS,1029.2331688914683,1019.0,4.31449866563006,2.4902199904351985,0.8401903419522191,0.8318367346938775
IKSHGDALFVPMQWYTNRCE,1029.8637550783517,1020.0,4.316756188485738,2.492700686715605,0.8407051061864096,0.8326530612244898
ISRPFGLKVNCMAWHTQYDE,1032.1427742309925,1022.0,4.320931459294629,2.497560975609756,0.8425655299844836,0.8342857142857143
QLCHDVGSNRFMPEYTAIKW,1029.0915554265816,1019.0,4.314102797804187,2.4833968772694264,0.8400747391237401,0.8318367346938775
HISENLKDGTFPYCWAQRVM,1031.6327626233315,1021.0,4.319076802753097,2.4926639403070743,0.8421491939782298,0.833469387755102
LWDRHPINKCYGSTVEFQAM,1027.7726349390598,1018.0,4.311193954407705,2.483436310642193,0.838998069338008,0.8310204081632653
RYVDGHFMTICQWSNLKEPA,1030.2811955890888,1020.0,4.316183795259586,2.4901960784313726,0.8410458739502765,0.8326530612244898
DFCGVINPRKMWLAETYSQH,1029.994341265235,1020.0,4.315836968347631,2.4884840969463315,0.840811707155294,0.8326530612244898
HLNIKWEQDPTRYCGFMVSA,1029.8743470690656,1020.0,4.315443966403634,2.492026690112855,0.8407137527094414,0.8326530612244898
EHPLTWASVIRCDKMGNQFY,1029.4085896691818,1020.0,4.314778714825651,2.4883442934913527,0.8403335425870871,0.8326530612244898
PVHTLCKRQNYASDGMFIEW,1029.6867382472433,1020.0,4.315594601128193,2.4927521359502265,0.8405606026508108,0.8326530612244898
NSEIHKQALCTVPDGFYMRW,1028.8267556587348,1019.0,4.3131986466975025,2.4891566265060243,0.8398585760479468,0.8318367346938775
GRKDTWALFCVQIYPSHNEM,1027.7825014509576,1018.0,4.310734861142334,2.4853299856527977,0.8390061236334349,0.8310204081632653
KHNMRIDTVELPWQAYCSFG,1029.3727510156702,1019.0,4.313746029576883,2.4914004914004915,0.8403042865434043,0.8318367346938775
FMPVCSINYRTKLQHDEGAW,1028.074869413813,1019.0,4.312595566220015,2.4835100609501546,0.8392447913582147,0.8318367346938775
PMYHWENQKRSTACVIFDGL,1030.4341265235055,1021.0,4.317161607237766,2.492610658124636,0.8411707155293922,0.833469387755102
AEKWTMIFGSLRNQYDVCPH,1029.7473882762624,1020.0,4.315771834321977,2.492106661941885,0.8406101128785815,0.8326530612244898
CQVRATHPWMNSYDKFGILE,1031.2156123041207,1021.0,4.318866416343437,2.496323507325952,0.8418086631054046,0.833469387755102
KSAVEWPNGYRQTDLHIFCM,1030.7904817179337,1021.0,4.316727561526441,2.4956544282857216,0.8414616177289255,0.833469387755102
NSRPAHMTWIYQGFDVLKEC,1030.139001741149,1020.0,4.316377742094893,2.4950980392156863,0.8409297973397136,0.8326530612244898
VYNWQHTCLRPGDFMASIEK,1030.2761172373766,1020.0,4.317009551542091,2.4896500973270665,0.841041728357042,0.8326530612244898
EIDCMTRWAGPFKQLSYHVN,1030.6069355774812,1020.0,4.316762211116944,2.4920594690012168,0.8413117841448825,0.8326530612244898
CGVPETHYMFIWQKLNDSRA,1030.7118398142775,1021.0,4.317869725388224,2.4921268867259134,0.841397420256553,0.833469387755102
WTGEKAQDCVMFSRNYPHLI,1029.3885664538595,1020.0,4.315137443426491,2.487309303196219,0.8403171971051914,0.8326530612244898
YWTPDQLNMIEAFVKSHRCG,1028.995792222867,1018.5,4.314130007607595,2.485294117647059,0.8399965650798915,0.8314285714285714
DMQGINKPEWHCRSVTYFLA,1031.8374927452119,1023.0,4.320695727319688,2.4956605859590937,0.8423163206083363,0.8351020408163266
PLKNFVWHSYCEAGQTDMIR,1029.98505513639,1020.0,4.315476825975923,2.4895994390708713,0.8408041266419511,0.8326530612244898
QMVEKICPFGYSAWLDNRHT,1028.0689204875218,1018.0,4.311907572630409,2.486494808017387,0.8392399350918545,0.8310204081632653
IYAPKQCMWSGLTFDHRNVE,1030.6542367962857,1021.0,4.31697087431406,2.4950980392156863,0.8413503973847228,0.833469387755102
PRKIVWYGDAELMFCNSTQH,1030.0931514799768,1020.0,4.316350056174791,2.4938423271756607,0.8408923685550831,0.8326530612244898
FMINPWCQGLKDHRTYVSEA,1031.8607080673244,1022.0,4.319868679900662,2.4957272347784603,0.8423352718916934,0.8342857142857143
EGQNRVHFTACMYSWIKDLP,1030.1114335461405,1020.0,4.315425314447467,2.4889972919170003,0.840907292690727,0.8326530612244898
DHTEQWMRALSVIPGYCKNF,1032.0031921067905,1022.0,4.320411039565214,2.495675903629185,0.8424515853932982,0.8342857142857143
RNYVCFKEQSTLAIHWPMDG,1030.6569936157864,1021.0,4.317072060389424,2.4914215170938885,0.8413526478496216,0.833469387755102
IPCDYTWGSANFVQERLKHM,1029.8173244341265,1020.0,4.315134976487605,2.487774988043998,0.8406672036196952,0.8326530612244898
RTKPFMVIEQLCGNYHDSAW,1027.9334010446894,1018.0,4.311126301013997,2.4877450980392157,0.8391293069752567,0.8310204081632653
TLFQGHEAYIKPNWCSMDRV,1029.0132037144515,1019.0,4.313779985281658,2.486729691876751,0.8400107785424095,0.8318367346938775
PEKFYSIMHQLDANVGCWTR,1029.1854323853743,1019.0,4.313669443901256,2.491357181618082,0.8401513733758159,0.8318367346938775
HRQICEMFWGPYKVTDLNSA,1030.0503482298318,1021.0,4.316618064542208,2.4932874643396543,0.8408574271263932,0.833469387755102
GTMAEQVCSLNRKHPFIWYD,1030.2251886244921,1020.0,4.316020192673765,2.4895968167217988,0.8410001539791772,0.8326530612244898
WHLDGNRVTEQYPCFKSMAI,1029.791352292513,1020.0,4.314959045157002,2.4901477832512313,0.8406460018714392,0.8326530612244898
NSGWITMVQLEHPFYRACKD,1028.5815438189204,1019.0,4.3130658403712046,2.485890302066773,0.8396584031174862,0.8318367346938775
QACRIFEKYLGWHDNVTPMS,1028.9560359837492,1018.0,4.313716011453532,2.4842224644298465,0.8399641110071423,0.8310204081632653
RGFVKIYPASTLNMECHWDQ,1031.637405687754,1022.0,4.319276106585878,2.492664992826399,0.8421529842349011,0.8342857142857143
PTECMYWKSHNGQFALDIVR,1030.3834881021473,1021.0,4.317232126527941,2.4932672946929384,0.8411293780425694,0.833469387755102
LFVCKMWIYSGATNPHQRED,1029.1300058038305,1019.0,4.3137387550006245,2.4859261700725117,0.8401061271868003,0.8318367346938775
QNRGVIWPDKTYLFAECMSH,1028.9376088218223,1019.0,4.313385598245716,2.4883442934913527,0.8399490684259775,0.8318367346938775
HGSPKAWTCMRIVYNQEFDL,1028.7524666279744,1019.0,4.312871640691795,2.4859233424421117,0.8397979319412037,0.8318367346938775
ERSHPTQKIVACNYLFDMGW,1027.7717643644805,1018.0,4.311044769820663,2.484775384250193,0.8389973586648821,0.8310204081632653
FREDPYWNVQCTGSHMLAKI,1030.6336331979105,1020.0,4.31783259736731,2.4944656927415547,0.8413335781207435,0.8326530612244898
FESDLRCGAIKHPWNQTVMY,1029.3623041207197,1020.0,4.31438075022081,2.488916188916189,0.8402957584658935,0.8326530612244898
RHIVFSWETCKDAQGNMLPY,1026.3506964596634,1017.0,4.3090552704286145,2.485294117647059,0.8378373032323783,0.830204081632653
RNYLAIEFTKPWQDSGHMVC,1030.739988392339,1021.0,4.317875855923981,2.4915254237288136,0.8414203986876236,0.833469387755102
MTVESIAWNRLHDGQFPYKC,1029.3521474172953,1019.0,4.313536527732935,2.48837132652572,0.8402874672794247,0.8318367346938775
VFTCDPWLNMIKQRYAGSHE,1026.6662797446315,1016.0,4.309198832175501,2.482204155374887,0.8380949222405154,0.8293877551020408
WHDCSFVAYKTEILQRPMGN,1030.1107080673244,1020.0,4.316863365803269,2.492062734808277,0.8409067004631219,0.8326530612244898
VEIKQNSPADCHRWTFMYGL,1032.3930644225188,1023.0,4.321484803706694,2.494543178532388,0.8427698485081787,0.8351020408163266
DKGAFVESMWIPYLCRNTQH,1029.5397562391179,1020.0,4.315971649189986,2.4877744033669713,0.8404406173380553,0.8326530612244898
HTRCPEWNIQSAKMFYDGVL,1029.383778293674,1020.0,4.314945677720824,2.4892018128005917,0.8403132884029991,0.8326530612244898
QHSNDMARLEKVYWIGCPTF,1029.7482588508415,1020.0,4.3153899671397475,2.489059391872691,0.8406108235517074,0.8326530612244898
RMSCWYFDPGIVLENATQHK,1030.8573708647707,1021.0,4.317109460414689,2.491348405033655,0.8415162211140985,0.833469387755102
TFGLWQMHYSRNACKPDEIV,1029.0966337782936,1019.0,4.314740229290681,2.4895968167217988,0.8400788847169743,0.8318367346938775
AYSLHEKRMFINWDVCTQPG,1029.9064132327337,1020.0,4.316116865954583,2.4858569353667392,0.8407399291695784,0.8326530612244898
NFKHPEAGWLQITSYMDCVR,1028.4384793964016,1018.0,4.312004213261058,2.485433861779278,0.8395416158337973,0.8310204081632653
YTKFRSVQLNPCGAMDEWHI,1029.8235635519443,1020.0,4.315131289650286,2.492047511176633,0.8406722967770975,0.8326530612244898
HLERPIQNSFWTADCVKYMG,1029.0245211839815,1019.0,4.313732783107756,2.484658235471244,0.8400200172930461,0.8318367346938775
YQWKGNREHSPMIFCTLAVD,1029.3972721996518,1019.0,4.315210359373251,2.490798284915932,0.8403243038364503,0.8318367346938775
CQPIHGTEAWVYSDFRMNLK,1027.8006384213581,1018.0,4.311487996226998,2.4863523573200994,0.8390209293235577,0.8310204081632653
TVKPMEICSNWQLHFADGRY,1028.4077190946025,1019.0,4.312135874442408,2.489569783687431,0.839516505383349,0.8318367346938775
QAHMTLWIEPSKYFGDRCNV,1029.037724898433,1019.0,4.313437041210978,2.48616777154513,0.8400307958354556,0.8318367346938775
DHQWCVASEKLNMPIGRYTF,1030.8583865351131,1021.0,4.31766010100314,2.493329432070743,0.8415170502327455,0.833469387755102
EHLCTYKFSGQWRNDVAMIP,1028.187899013349,1018.0,4.311941925082238,2.4809823192176133,0.8393370604190603,0.8310204081632653
EVDPTRMFQYKLGCSWAHNI,1028.019152640743,1017.0,4.31203051675417,2.4846618008382713,0.8391993082781575,0.830204081632653
TPRGCSWFDYNQEHLMVIKA,1027.6263784097505,1017.0,4.3116640304464635,2.4832501373877998,0.8388786762528575,0.830204081632653
TRIQSPWAVFMKCDNGEHYL,1029.541932675566,1020.0,4.314878963508861,2.4908640436769334,0.8404423940208702,0.8326530612244898
ITWVDFYKSRNQLPHMECGA,1030.1250725478817,1020.0,4.31618813472894,2.492106661941885,0.8409184265696994,0.8326530612244898
RKHWEAQLTIVFCMNSGDYP,1029.6819500870574,1020.0,4.315282723613748,2.4871837688903735,0.8405566939486183,0.8326530612244898
YPQIRHELMNVTASFGCWDK,1029.901770168311,1019.0,4.3154849033763805,2.488943221950557,0.8407361389129071,0.8318367346938775
CAEPWNDTMSFIHGKVLQYR,1029.3051363900174,1018.0,4.3148620124263575,2.4877149135516277,0.8402490909306265,0.8310204081632653
LRFMCVDGYKTWHAQEPISN,1029.1002611723738,1019.0,4.312468401995342,2.4890004782400768,0.840081845854999,0.8318367346938775
MFWGERTHDLQAIVPNCYSK,1030.8566453859548,1021.0,4.3173318399332,2.491469160479726,0.8415156288864937,0.833469387755102
GKLDHYPQVTMWASICEFNR,1030.0230702263493,1020.0,4.3159731186822645,2.4926470588235294,0.8408351593684485,0.8326530612244898
SLDMAFTEKPGHICYQRVWN,1028.8971271038886,1019.0,4.31370893790384,2.488081469876086,0.8399160221256233,0.8318367346938775
TPKYMQLGNAWHEFVDSIRC,1029.3994486360998,1019.0,4.315113582219271,2.483436310642193,0.8403260805192652,0.8318367346938775
RHGNVSKWMFQCYEAPITLD,1030.8563551944283,1021.0,4.317352958432293,2.490937536553983,0.8415153919954518,0.833469387755102
MNTRPIQVHSLECFGWYKDA,1029.5461404526989,1019.0,4.313762266628842,2.490381058083611,0.8404458289409787,0.8318367346938775
IEQYDNALWKRMCTFSPVHG,1028.257835171213,1018.0,4.311974741112201,2.4879763226045135,0.8393941511601739,0.8310204081632653
RSYHLWPNDVFKQGIAETMC,1029.6497388276262,1019.0,4.314458330501086,2.4897281108147316,0.8405303990429602,0.8318367346938775
WVEDMKTNFRHCYALPIGSQ,1030.6839814277423,1021.0,4.31722574496978,2.4926468821338457,0.8413746787165244,0.833469387755102
MSRQDNITKLHCPAGWYFVE,1031.5644225188626,1022.0,4.319216846465957,2.4945461811514136,0.8420934061378469,0.8342857142857143
QLNECAHRGYDWKTSMVPFI,1027.7659605339525,1018.0,4.310756144625108,2.4877450980392157,0.8389926208440428,0.8310204081632653
HIFEQGYNWVMASPKDCLRT,1028.1398723157283,1018.0,4.311677796573239,2.4858232374835794,0.839297854951615,0.8310204081632653
GQSANFIKEVMYCPWTHRDL,1030.8591120139292,1021.0,4.317799178036384,2.498777476879667,0.8415176424603503,0.833469387755102
TRIKSFPHCYEVMLDWAQNG,1030.8778293673824,1021.0,4.317457822643479,2.4975429827103257,0.8415329219325571,0.833469387755102
SNHVELADCRWYIMKPTFGQ,1029.4902785838653,1019.0,4.314613513172333,2.488891869482515,0.8404002274154003,0.8318367346938775
FHMTQYSDRNIWPKVALGCE,1029.6854323853743,1019.0,4.3157191164635,2.4878045878545594,0.8405595366411218,0.8318367346938775
CQLDHRGMNIEWTKPVSYFA,1028.6649738827625,1018.0,4.3123212162903535,2.484146247151976,0.8397265092920512,0.8310204081632653
WKIYAREQNTDLMGCSFHPV,1028.6629425420779,1019.0,4.313413704713977,2.48143461983861,0.8397248510547572,0.8318367346938775
HVTKGAFMQWCIDNRYLPSE,1031.4155542658154,1021.0,4.31930125176339,2.4927321042428954,0.8419718810333187,0.833469387755102
CVKTNIGARSEQLPHDWFMY,1030.3734764944863,1020.0,4.316958065409264,2.4871837688903735,0.8411212053016215,0.8326530612244898
LAFMQPDRSKWTEYCHIGNV,1031.0821242019733,1021.0,4.318146434793756,2.487213953377961,0.8416996932261007,0.833469387755102
QLKFEYGAPSDMVNTWRIHC,1030.237231572838,1020.0,4.316162458284253,2.488006212609296,0.8410099849574187,0.8326530612244898
FSAHQELNCMPTIRYGVDWK,1029.6614915844457,1020.0,4.316167275523731,2.4902045597909344,0.8405399931301598,0.8326530612244898
NWLFTHEMVSIAKRQDPYCG,1029.3595473012188,1019.0,4.3147688987780555,2.4895994390708713,0.8402935080009949,0.8318367346938775
IPAYDCNQGSVHFMWKLETR,1030.1970400464306,1021.0,4.316300118690729,2.4901960784313726,0.8409771755481066,0.833469387755102
SQPKMTIFDLYNHGEVWRCA,1028.566308763784,1018.0,4.312440098060139,2.4876876876876874,0.839645966337783,0.8310204081632653
DFYWCSKGTHPLREIMAVNQ,1030.316889146837,1020.0,4.31735743162355,2.4938873843983336,0.8410750115484383,0.8326530612244898
YHICQGRFPKDLVTEAMSWN,1029.1220255368544,1019.0,4.31434106619432,2.49026712134129,0.8400996126831464,0.8318367346938775
GSYQLRVHIMFKENPTADCW,1030.0944573418456,1020.0,4.316050431101504,2.495097921422564,0.840893434564772,0.8326530612244898
GNWCHFDKYPQRVTLMESIA,1031.9706906558329,1022.0,4.32024253253116,2.4914839832580498,0.8424250535965983,0.8342857142857143
DVQALCTMHWFSIEYKGNPR,1030.6510446894952,1021.0,4.3175801118949675,2.4890004782400768,0.8413477915832613,0.833469387755102
STRLADMYIPWKQFNCGHEV,1031.1234764944863,1021.0,4.31873329530109,2.493200708959785,0.8417334501995808,0.833469387755102
AVEYGPCHQMFSWTLRKNID,1031.085461404527,1021.0,4.318520643917083,2.4969878466159114,0.8417024174730833,0.833469387755102
GQISCENVPDAMFLWTKYHR,1027.2169181659895,1017.0,4.309879028243823,2.4828849832615973,0.8385444229926445,0.830204081632653
RNLSDYATKFPHMVIEQGWC,1031.030760301799,1022.0,4.317184921399225,2.492664992826399,0.8416577635116728,0.8342857142857143
YGDIHAMPSQFRKCWVTNEL,1030.1661346488684,1020.0,4.316094837178243,2.4920237751120107,0.8409519466521373,0.8326530612244898
HWGETFVLYQRCNADSMIPK,1028.618253047011,1019.0,4.312788749942863,2.4841845403363783,0.8396883698342947,0.8318367346938775
CQGDKPINTMEAWSLYHRFV,1029.9329657573999,1020.0,4.315360094274076,2.493920198910727,0.8407616046999183,0.8326530612244898
WGAFENCRSDYTVKQHPMLI,1030.2890307603018,1020.0,4.316695208224814,2.4914215170938885,0.8410522700084097,0.8326530612244898
YCWPRVEHLTGSKMQDNIAF,1031.5046430644225,1022.0,4.319563529729896,2.490171930841302,0.842044606583202,0.8342857142857143
DAVGSWECKHRQNYPIMFTL,1030.4036564132327,1021.0,4.317513002556144,2.4907285172961737,0.8411458419699859,0.833469387755102
PSTHMQRDKNVEWIGFCYLA,1030.9232443412652,1021.0,4.317964510652249,2.4926470588235294,0.8415699953806247,0.833469387755102
DSMVGFWNEARCQHITLKPY,1030.249419616947,1020.0,4.317172666171687,2.490314769975787,0.8410199343811814,0.8326530612244898
CEITYSRHFWNAMDLVQKGP,1029.6664248403947,1019.0,4.315079577471506,2.493242016318427,0.8405440202778732,0.8318367346938775
ERAVFWMLSIKNTPYHDGQC,1030.4342716192687,1021.0,4.316666336773914,2.4944858034283786,0.8411708339749132,0.833469387755102
IKNYGHWLVCSMQEAPTRFD,1028.5941671503192,1019.0,4.312957401466731,2.485892803372478,0.8396687078778116,0.8318367346938775
IYVTNAGESLQCRPHDMFKW,1030.2588508415554,1021.0,4.316494887839017,2.4920025417574436,0.8410276333400452,0.833469387755102
KFTDPMSQLGIVYENCRAWH,1030.5426581543818,1020.0,4.316663014715253,2.4938839757762183,0.8412593127790873,0.8326530612244898
VPRCIYKWGDETLMNAQFSH,1027.6244921648288,1018.0,4.310113763924467,2.4842232080262514,0.8388771364610847,0.8310204081632653
PRHQFEKGDLSAVYWNMICT,1030.6107080673244,1021.0,4.3184416706719935,2.4884246071309883,0.841314863728428,0.833469387755102
KDTANYLEVRQCSWFHGPIM,1028.415989553105,1019.0,4.311935947579504,2.4902199904351985,0.8395232567780448,0.8318367346938775
TKQVSGCEDRILPANMFWYH,1031.1176726639583,1021.0,4.319074170612417,2.4956850939609563,0.8417287123787414,0.833469387755102
IGKMWQTYHSNAEPVCRLFD,1029.9262913522925,1019.0,4.315816014534337,2.487774988043998,0.840756156205953,0.8318367346938775
WQGVRKMTSPIEHDLYCAFN,1030.17527568195,1020.0,4.315262124981127,2.492047511176633,0.8409594087199592,0.8326530612244898
ALGPNMWQDTVHEIRFKSYC,1029.8727510156702,1020.0,4.315608620975348,2.488943488943489,0.8407124498087105,0.8326530612244898
WCQKEPDYTLIAMNVSGRFH,1032.7573998839234,1023.0,4.321712593927723,2.5,0.8430672652113661,0.8351020408163266
EFCDLKPAYRHVSMQINGWT,1028.5378699941962,1018.0,4.312400530689698,2.486714898334257,0.8396227510156704,0.8310204081632653
PGFHYRKEISVDMTNCAQLW,1028.6800638421357,1018.0,4.313515951676796,2.4884279864696457,0.8397388276262332,0.8310204081632653
CYSPDIMAWVLFGTEKNRHQ,1028.2923679628555,1018.0,4.312029926825634,2.491314922570118,0.8394223411941677,0.8310204081632653
RDFWIKTGMYPSHEVQANLC,1028.42890307603,1018.0,4.312488490052688,2.487115792262851,0.8395337984294123,0.8310204081632653
EPFMQGICWKALHRNVTDSY,1029.8826175275683,1020.0,4.315277220204827,2.4853299856527977,0.8407205041041373,0.8326530612244898
TGSNCQVYRDMAFWIKELHP,1029.3274811375509,1019.0,4.315307231003598,2.4920448008054077,0.8402673315408578,0.8318367346938775
SCELWATIFMKNYGPVDRQH,1027.0274230992454,1017.0,4.309555440002652,2.4827582022908175,0.8383897331422413,0.830204081632653
TYKLFAENCQGHPMIRDWSV,1029.1577190946025,1019.0,4.314427636600411,2.4883764832793958,0.8401287502813081,0.8318367346938775
AHTMCLFWNPKDYGESVQRI,1029.3216773070226,1019.0,4.313443301432487,2.48714883263819,0.8402625937200185,0.8318367346938775
HCYNWGTMDKFLVSPIQRAE,1032.060504933256,1022.0,4.320437275836478,2.4975429827103257,0.8424983713740865,0.8342857142857143
DYTCVHLGWNSIRKFQPEMA,1027.5632617527567,1017.0,4.310466364003453,2.485294117647059,0.8388271524512302,0.830204081632653
TRGMIWCQELVPFNHSDKYA,1029.5665989553106,1019.0,4.3151978389131695,2.4895936956912568,0.8404625297594372,0.8318367346938775
QHAVKIYNCMRLSDWFEPTG,1029.9448636099826,1020.0,4.316363796753822,2.489569783687431,0.8407713172326388,0.8326530612244898
NMSPFWHVALIYDGRCTKEQ,1030.9078641903657,1021.0,4.318676016813383,2.4908925533925537,0.8415574401554006,0.833469387755102
WMQRPNKGCVHIFELDSTYA,1029.9180208937898,1020.0,4.315423882330341,2.4913792580459244,0.840749404811257,0.8326530612244898
YQAGEVKPWSCMFIRDHNLT,1029.7408589669183,1020.0,4.315244638927463,2.4902199904351985,0.8406047828301373,0.8326530612244898
IHSAYTKPWLVNREFCQDMG,1027.9132327336042,1018.0,4.3111958411032925,2.4896207287256247,0.8391128430478402,0.8310204081632653
SPLAMKDHQRWFNTCGEVYI,1029.1877539175855,1019.0,4.314232707736428,2.490313350220471,0.8401532685041515,0.8318367346938775
SYGMVWLPRDNQATHIECFK,1027.8666569936158,1018.0,4.310685920637809,2.48540137343121,0.8390748220356047,0.8310204081632653
HFAIKDLRCMSTNYGQEWPV,1029.399593731863,1019.0,4.314552075551153,2.4908458767682067,0.8403261989647861,0.8318367346938775
YGENKAVSMRIPFTHWQLDC,1029.8058618688335,1020.0,4.315439267825966,2.488562110433997,0.8406578464235374,0.8326530612244898
VRQWNYCHAGIFMKSLTEDP,1032.1491584445735,1022.0,4.31968784308611,2.499388753056235,0.8425707415874067,0.8342857142857143
YTWSDVKCIAHFNPLQGMRE,1029.1696169471852,1019.0,4.312772911473405,2.4853658536585366,0.8401384628140288,0.8318367346938775
FMNQITSARWVDELHCGYPK,1029.5602147417296,1019.0,4.314864412140346,2.490381058083611,0.8404573181565139,0.8318367346938775
EVWCTFPDAYKGRLQHNMIS,1030.3441671503192,1020.0,4.315842823257237,2.4926470588235294,0.841097279306383,0.8326530612244898
CGDKAQHMRSEIVYFWLTNP,1030.1982008125362,1020.0,4.316256049001258,2.4889705882352944,0.8409781231122745,0.8326530612244898
KAVTLGMWYENFPQHCSDIR,1031.4812826465468,1022.0,4.318929757524134,2.4957272347784603,0.8420255368543238,0.8342857142857143
TKRYQPCEMADNVSHFGLIW,1027.7468078932095,1019.0,4.311758043559382,2.4847050080310695,0.838976986035273,0.8318367346938775
FASCHDTLVEGPRNYQIWKM,1030.5266976204296,1021.0,4.316109761917249,2.489726267766275,0.8412462837717791,0.833469387755102
YSQWHAKRETVFICLDGMPN,1029.6063551944283,1020.0,4.315030667707446,2.488916188916189,0.8404949838321863,0.8326530612244898
QPGMSWEHCIKNDTVALRYF,1029.7304120719675,1020.0,4.315667779030906,2.492026690112855,0.8405962547526264,0.8326530612244898
HMWRPFGDAITYSELKQCVN,1031.9738827626234,1022.0,4.319198607597302,2.496359201852212,0.84242765939806,0.8342857142857143
ASVKTMGDFEHLQCYRWPIN,1029.269152640743,1019.0,4.314318114672433,2.48721144145748,0.8402197164414228,0.8318367346938775
VANRGYQPMFKLDICWHEST,1031.0094312246083,1021.0,4.317911005759791,2.4938725122099203,0.8416403520200885,0.833469387755102
CIEFNDHWSKPMTVYLGAQR,1029.8720255368544,1020.0,4.315850908518505,2.488916188916189,0.8407118575811057,0.8326530612244898
SQPHVDAKTFRMIWEGLYCN,1028.0744341265236,1018.0,4.311747768678575,2.4806267004409417,0.8392444360216519,0.8310204081632653
LDWAPKMFINVECYTSQGHR,1029.1436448055717,1019.0,4.313136135611196,2.4890004782400768,0.8401172610657728,0.8318367346938775
ERTVDIWKGQCYALPMSHFN,1029.692251886245,1020.0,4.31463471394076,2.489569783687431,0.8405651035806081,0.8326530612244898
NPAEFDRGWVTSKQCIYMLH,1027.9869413813117,1018.0,4.311448827103172,2.482843137254902,0.8391730133724993,0.8310204081632653
EVQRICNMAPFDWTKSGHLY,1029.405977945444,1020.0,4.314486619187741,2.4902199904351985,0.8403314105677094,0.8326530612244898
VNYRMSQFPKDEWHGLTCIA,1029.5017411491585,1020.0,4.315411570376826,2.4895968167217988,0.8404095846115579,0.8326530612244898
IDGPTKSVCAWNFEMYRQLH,1028.3216773070226,1018.0,4.311632292871356,2.486519526861825,0.8394462671894064,0.8310204081632653
PTLRMYKSWVAFQNDHEGCI,1027.7539175856066,1018.0,4.311923718513625,2.4832780541735766,0.8389827898658011,0.8310204081632653
EHSFLWPNVYIQDMTACGRK,1027.0774811375509,1017.0,4.309253483487337,2.478636607622115,0.8384305968469802,0.830204081632653
TQNEFVIARKGDHCPWYLSM,1029.4332559489262,1020.0,4.313917486079463,2.4871787226429722,0.8403536783256541,0.8326530612244898
PQISNHYWTGDMRCKLFVEA,1030.7302669762043,1021.0,4.318201978069427,2.4914215170938885,0.8414124628377178,0.833469387755102
WGCYDLHEAMVITPFKNSRQ,1028.1732443412652,1018.0,4.311034401586715,2.485294117647059,0.839325097421441,0.8310204081632653
MAVINCQFDHPTYWKLSREG,1031.099825885084,1021.0,4.319103316493682,2.4933178607705573,0.8417141435796606,0.833469387755102
YDVWQINHAFCMETSPLGKR,1030.8235635519443,1020.0,4.3174897972857655,2.4877149135516277,0.8414886233077097,0.8326530612244898
WSYALDQHGVTCPNIMFEKR,1030.3820371445154,1020.0,4.31658239536338,2.492104175279041,0.8411281935873595,0.8326530612244898
TSADVCGRNILEMHYFQPKW,1029.7781485780615,1020.0,4.3153927865402615,2.4926762921113204,0.8406352233290298,0.8326530612244898
PSQWAKYFVINCRGHETDML,1027.831108531631,1018.0,4.311389934306584,2.4864589400116484,0.839045802882964,0.8310204081632653
YNEWGAPTVICHDQMKFRLS,1030.570516540917,1021.0,4.316832627718427,2.4931906973315643,0.841282054319116,0.833469387755102
CYTAINQDELRHWPMVSFGK,1031.4225188624491,1021.0,4.318983858578109,2.493999209963751,0.8419775664183259,0.833469387755102
TQLCRWYIPDEFMGVNHSKA,1028.9022054556008,1019.0,4.313207167786056,2.487115792262851,0.8399201677188577,0.8318367346938775
PQVSIRNMDWHTFEKGYACL,1028.9210679048172,1019.0,4.31317189643619,2.486453119786453,0.8399355656365856,0.8318367346938775
QVTCSLGFEYKAIHMPRDNW,1029.7299767846778,1021.0,4.316175895210963,2.4901960784313726,0.8405958994160636,0.833469387755102
FRYKEGTQHVDLPNMCIWAS,1030.339814277423,1021.0,4.31663275958568,2.4902199904351985,0.8410937259407535,0.833469387755102
CKESTMRAQLFIPGHNVYDW,1030.8448926291353,1021.0,4.317343200471434,2.4908640436769334,0.8415060347992941,0.833469387755102
WVKSIEFHLGDNTQMYPACR,1030.2658154381893,1020.0,4.31608863224727,2.4932672946929384,0.8410333187250525,0.8326530612244898
WIRVYEQMKHFATGLNCSPD,1029.3431514799768,1019.0,4.315020489981475,2.4859592104478505,0.840280123657124,0.8318367346938775
KGQHTLFCAWNMEVSYIPRD,1028.980847359257,1019.0,4.313905987947834,2.4890004782400768,0.8399843651912304,0.8318367346938775
TLEPNHWDRQYVKGISFMCA,1030.704439930354,1021.0,4.317032440310464,2.4926829268292683,0.8413913795349829,0.833469387755102
SPFAQDMLCNRIHGYTEKWV,1027.117527568195,1017.0,4.309252476646829,2.4800528803406805,0.8384632878107715,0.830204081632653
DYSKCQNEMVTRLWIHPAFG,1026.6165118978527,1017.0,4.308992646106502,2.482385424049138,0.8380542954268184,0.830204081632653
DRHQMEWGCNYFLVAIKPST,1030.5438189204874,1020.0,4.317765612803497,2.4914215170938885,0.8412602603432551,0.8326530612244898
EDNYTIFMCQHPRASVLGWK,1031.8849390597795,1022.0,4.320416702205365,2.493435629768377,0.8423550522936976,0.8342857142857143
MPHEAQRTYVWKLCNGDFIS,1028.713000580383,1018.0,4.31295578168816,2.4871787226429722,0.8397657147594964,0.8310204081632653
HWQFVSNDRCKMGYETIALP,1029.3086186883343,1019.0,4.315150148693978,2.486682808716707,0.8402519336231301,0.8318367346938775
VGPWFEATLHNYMIQSDKRC,1028.7160475914104,1019.0,4.3137312819636655,2.4901960784313726,0.8397682021154371,0.8318367346938775
LCRTKYHWIAPFDMEVNGSQ,1029.3313987231572,1019.0,4.314304485167143,2.4877149135516277,0.8402705295699243,0.8318367346938775
LHEACKWFGVQIPDTMRYSN,1027.8374927452119,1018.0,4.310343735246564,2.4835140260483755,0.8390510144858873,0.8310204081632653
NAFQHIGRTCYMSPEVWKLD,1029.412362159025,1019.0,4.31528713543958,2.4915048043218277,0.8403366221706327,0.8318367346938775
PQTYAKHMWLENGVCIDRFS,1028.7412942542078,1019.0,4.3133875682346625,2.487213953377961,0.8397888116360881,0.8318367346938775
VFDTISMLCGNEARYWQKHP,1027.9524085896692,1018.0,4.311733278020427,2.48540137343121,0.8391448233385054,0.8310204081632653
YQVHFLPRNITKDAEWMGCS,1028.7830818340105,1019.0,4.3139061456212096,2.486519526861825,0.8398229239461309,0.8318367346938775
NCKSIARWVEYHDQFLGTMP,1029.1813697040047,1019.0,4.313782871376552,2.4908009635651913,0.8401480569012284,0.8318367346938775
KTLREVICSADPYGWMFNQH,1031.1086767266395,1021.0,4.3184509093976695,2.493857493857494,0.8417213687564403,0.833469387755102
GFRALEDPWYKNCIMSTVHQ,1030.1436448055717,1021.0,4.316905142443512,2.4939171308986072,0.8409335875963851,0.833469387755102
EVCMPNQGTRHLWIYSKFDA,1028.4349970980848,1018.0,4.3122608142945005,2.4877450980392157,0.8395387731412937,0.8310204081632653
VSKCIPHDFMQLNWGTRAYE,1028.5914103308182,1019.0,4.313324916148821,2.4841845403363783,0.839666457412913,0.8318367346938775
PLDYEKINMCQGARVSWFTH,1029.2954149738828,1019.0,4.314268308117366,2.4872476403113963,0.8402411550807207,0.8318367346938775
SYNFHLCDVIKEGAMWRQTP,1028.8164538595472,1019.0,4.313519938242355,2.4840685317457933,0.8398501664159569,0.8318367346938775
AHTYFVLPQKWEDRGSICNM,1028.8289320951828,1018.0,4.313268706691517,2.487774988043998,0.8398603527307615,0.8310204081632653
WRAPEFKDQTSHINGLYMCV,1029.0837202553685,1018.0,4.312770417486021,2.481572481572482,0.8400683430656068,0.8310204081632653
CVGSETWRHMKYPDLQNFIA,1030.2366511897853,1020.0,4.316335962330754,2.4902675822874736,0.841009511175335,0.8326530612244898
HGSKPWRAQVNYMTDICLFE,1029.055571677307,1019.0,4.313864018690867,2.4867781585349644,0.8400453646345363,0.8318367346938775
RAQENLTIVYDKMHSGPFCW,1030.5658734764945,1021.0,4.316955149425434,2.4884908832277253,0.8412782640624445,0.833469387755102
GRKADNYIHWPCQLFETSVM,1030.3984329657574,1021.0,4.317579676486985,2.490798284915932,0.8411415779312306,0.833469387755102
SEMACKNIWHVQGTRYDFPL,1029.842571096924,1020.0,4.315415510261522,2.489569783687431,0.8406878131403461,0.8326530612244898
NSTMHDYEKGWQRIPFLVCA,1029.4474753337201,1019.0,4.315154468828465,2.486519526861825,0.8403652859867105,0.8318367346938775
YTLCHWRAKPGSENMIQDFV,1030.122460824144,1020.0,4.316505442756462,2.492664992826399,0.8409162945503215,0.8326530612244898
NHYVEQIWLGPFMRTASCKD,1030.1218804410912,1020.0,4.315584327045209,2.4901960784313726,0.8409158207682377,0.8326530612244898
HDVPQRLWFMAKSGTNEYIC,1029.6485780615205,1019.0,4.315061494624027,2.4902436702836477,0.8405294514787924,0.8318367346938775
SYVWPDAHLMFGRIEQNTKC,1026.8971271038886,1016.0,4.309112190272387,2.4853299856527977,0.8382833690643989,0.8293877551020408
KSQMYPRDICGVETWNLHAF,1029.051944283227,1019.0,4.314617541976147,2.487309303196219,0.8400424034965117,0.8318367346938775
PRTLEVFINQGSHKWMYCDA,1031.2768427161927,1022.0,4.318412849429976,2.4895968167217988,0.8418586471152594,0.8342857142857143
FHCEVGNRSQWPDAYTLIMK,1029.8904526987812,1020.0,4.3151961742311435,2.4847008485545805,0.8407269001622704,0.8326530612244898
PCVGNFESWHYTDIARMLQK,1028.6228961114336,1019.0,4.3135491734636195,2.486682808716707,0.8396921600909663,0.8318367346938775
HGRQKSFACVNPWMTIDYEL,1029.0985200232153,1019.0,4.312938545392906,2.4926470588235294,0.8400804245087471,0.8318367346938775
YPGIMTRHLCEWNQDVKSFA,1027.7639291932676,1017.0,4.311146194361271,2.4864861601617916,0.8389909626067491,0.830204081632653
VIYTACPSHLGKQFDWNERM,1028.872605919907,1019.0,4.312529971115808,2.4864864864864864,0.8398960048325773,0.8318367346938775
PNWIQFAHVCSKGYLDTMRE,1028.0858966918165,1018.0,4.311455908051731,2.486419421903293,0.8392537932178095,0.8310204081632653
KPLETGIYWRAFQNDHMVSC,1029.5203134068486,1019.0,4.31532883714762,2.487118648150602,0.8404247456382438,0.8318367346938775
VLFWPIAHNSTEKCRYGMDQ,1030.208647707487,1021.0,4.31722478605744,2.4932672946929384,0.8409866511897852,0.833469387755102
ANYHIQDSCPERGFTMWVKL,1029.3448926291353,1019.0,4.314550938867586,2.489623710418033,0.8402815450033757,0.8318367346938775
DYVSFMPWRCHIQTENGKLA,1031.366802089379,1021.0,4.319529994647262,2.4932371096586783,0.8419320833382686,0.833469387755102
KCNQSYAVLGIMWDEFRPTH,1030.6363900174115,1021.0,4.317338898138737,2.4932968950291983,0.841335828585642,0.833469387755102
VHGRISQNMFDYCLAEKWTP,1029.212275101567,1018.0,4.313744075064381,2.4872791187086305,0.8401732857971975,0.8310204081632653
ACKDTHPEFIGMVYQNRWSL,1029.3782646546722,1019.0,4.314704438333725,2.4896763524686985,0.8403087874732017,0.8318367346938775
FECRIHWAQLDVGNKMTSYP,1029.341265235055,1019.0,4.313965645146113,2.4877149135516277,0.8402785838653511,0.8318367346938775
IFWQAYHDNSMTRGKLVPCE,1030.4439930354033,1020.0,4.316876303584441,2.49331173147225,0.8411787698248191,0.8326530612244898
DTNKMAHYRFEIQLSVGPCW,1030.9770748694139,1021.0,4.31774636405958,2.4920885512493323,0.8416139386689093,0.833469387755102
QDTIEHVMRSNGFKCAYPWL,1027.7938189204874,1017.0,4.31130961567367,2.4833515781791644,0.8390153623840714,0.830204081632653
YSTQRHVLFEIMKGCNDWPA,1029.8123911781777,1020.0,4.315730398548383,2.4920862412761715,0.8406631764719817,0.8326530612244898
RHYDSVPGENFWQICLAMTK,1029.7105339524087,1019.0,4.314754825624634,2.486200811920469,0.840580027716252,0.8318367346938775
ANTLYHDGQRPWIMCEVFKS,1030.5528148578062,1021.0,4.317093003783672,2.493872549019608,0.8412676039655561,0.833469387755102
LANCGKFDVMISWHRTEQYP,1029.5445443993035,1020.0,4.315718784021572,2.4854700253307067,0.8404445260402478,0.8326530612244898
PAVTGIHCFRSEQMLNKYWD,1030.0613755078352,1021.0,4.316359824689404,2.489802802283342,0.840866428985988,0.833469387755102
ELRNIYSKQTACWGMDFVPH,1029.1649738827625,1018.0,4.313702938331233,2.4914417242100857,0.8401346725573573,0.8310204081632653
YWCVSQRKPDGHNMTFALIE,1030.311955890888,1020.0,4.315682036039425,2.491451049787173,0.8410709844007248,0.8326530612244898
WAITEPNLQHVRMGSYCKDF,1029.9483459082994,1019.0,4.315438190146305,2.489625949736996,0.8407741599251424,0.8318367346938775
KDVHMPTNQCAIREWFLYGS,1029.8885664538595,1020.0,4.315861424808539,2.491066151398045,0.8407253603704975,0.8326530612244898
PNYEHQKTGASCLDWMFVRI,1028.7904817179337,1018.0,4.313423062849371,2.487085607775263,0.8398289646677011,0.8310204081632653
QLNRTMKPYGIHWESACVDF,1029.6185432385375,1020.0,4.314762513125675,2.4858175006689858,0.840504933255949,0.8326530612244898
HPINTLCQSKVAWRFMDEGY,1029.6818049912943,1020.0,4.315676039424506,2.486024331187622,0.8405565755030973,0.8326530612244898
RKLSPQGIMCHADVETFNWY,1031.1942832269299,1021.0,4.318331321492724,2.490291033345116,0.8417912516138202,0.833469387755102
MALKRNGSDQTECIHFYPWV,1029.6282646546722,1020.0,4.315088686999505,2.4889972919170003,0.8405128691058549,0.8326530612244898
MVFHRCENKAWPQSYDGILT,1030.0980847359258,1020.0,4.315940600000865,2.4902675822874736,0.8408963957027965,0.8326530612244898
GDRHPVAWICYQEFKNMLST,1029.5922809053975,1020.0,4.314584579508754,2.48540137343121,0.8404834946166512,0.8326530612244898
NEICVWFAMRHTGDLPSYKQ,1029.322692977365,1019.0,4.3143442836058865,2.488289422468739,0.8402634228386654,0.8318367346938775
GNSIRQPCKHWEMYTLDFAV,1030.9052524666279,1021.0,4.3180202744991245,2.488941085542802,0.8415553081360229,0.833469387755102
GFQSLWTMCPVIHNDAREKY,1030.362594312246,1020.0,4.316728425359658,2.493282166881351,0.8411123218875478,0.8326530612244898
LYKENQFPWIGHATVCDRSM,1027.4773650609402,1017.0,4.309935660096671,2.484107199435667,0.8387570327028083,0.830204081632653
PWNCIYETDVRGAQSFLHKM,1029.5262623331398,1019.0,4.314711122887329,2.4908009635651913,0.840429601904604,0.8318367346938775
LSEWQKFPGICTARVHNMYD,1030.252756819501,1020.0,4.316385367744633,2.485293764267692,0.8410226586281638,0.8326530612244898
WYLRTMVQIKGSCFPNEAHD,1029.645966337783,1020.0,4.315223745311693,2.485294117647059,0.8405273194594146,0.8326530612244898
CWKRMSTDGLAYQIFPHVEN,1030.7053105049333,1021.0,4.317337474315055,2.4950980392156863,0.8413920902081088,0.833469387755102
RMAFYKQTLSDNEWVGIHPC,1029.2704585026117,1019.5,4.314645562718172,2.4882615764510296,0.8402207824511116,0.8322448979591837
FNIWGKPMCALHYTQSRVED,1028.5145095763203,1018.0,4.312631329985108,2.486555475848876,0.8396036812867922,0.8310204081632653
THGSWNYREPMKLFCVDIQA,1028.4264364480557,1018.0,4.312416509503252,2.4843358941751013,0.8395317848555556,0.8310204081632653
FYNSCIHADVEQPWGMTLRK,1027.6680208937898,1017.5,4.310437604908556,2.4842232080262514,0.8389126701173796,0.8306122448979592
CGAMDQYNIFKPETSVWHRL,1029.703714451538,1019.0,4.315668300676991,2.4884012165305025,0.8405744607767658,0.8318367346938775
CPQTWLKDGMVAEYRINSHF,1027.0451247823564,1017.0,4.3100163664195,2.4847778094288566,0.838404183495801,0.830204081632653
QRTSMCFILGPVYNHWKEDA,1031.3151479976784,1021.0,4.318883516382458,2.4913788396318566,0.8418899167327988,0.833469387755102
SDCVTEWAGNHFMILYRQPK,1030.306297156123,1020.0,4.316984797489549,2.492664992826399,0.8410663650254065,0.8326530612244898
NEKQMTLVGRAFDIPYWSHC,1030.0636970400465,1021.0,4.316872008208981,2.4926470588235294,0.8408683241143236,0.833469387755102
HIKTFYLDPAGMCVNEWSRQ,1029.5574579222287,1019.0,4.314189932578133,2.489652204878628,0.8404550676916153,0.8318367346938775
CMEDAKVQGNHIYSLTWFPR,1030.8794254207778,1021.0,4.3179170065854136,2.4901960784313726,0.841534224833288,0.833469387755102
VYQTRNHIEAFKMLSDGPCW,1031.6111433546141,1022.0,4.319230064723477,2.4951337911437363,0.8421315455956033,0.8342857142857143
HNTQYKVCPWRMGEIAFDSL,1029.7836622170632,1020.0,4.315780178595173,2.495085965420651,0.8406397242588273,0.8326530612244898
ITWCLYPVDQKFNEGHMASR,1030.0089959373186,1020.0,4.315574224242095,2.4865655043765247,0.8408236701529131,0.8326530612244898
NEYFMLWRPKSVHQTICDAG,1027.8374927452119,1018.0,4.311590505411768,2.482843137254902,0.8390510144858873,0.8310204081632653
GTAFLNCPISWKEVHMYDQR,1029.8322692977365,1019.0,4.315827228376543,2.488035812419857,0.8406794035083562,0.8318367346938775
IWARPCTGESDFHLQMNYVK,1029.838218224028,1019.0,4.315847791151731,2.4882615764510296,0.8406842597747166,0.8318367346938775
MTGFIADWYLSHCERNPKVQ,1030.7655252466627,1021.0,4.317322292993304,2.4938869458643467,0.8414412450993166,0.833469387755102
WDKHALNFMRYEVGICPTQS,1028.6802089378991,1018.0,4.312122565813321,2.492785793562708,0.8397389460717543,0.8310204081632653
PEAHVCIKTNFMSQGWDYLR,1028.1684561810796,1018.0,4.311814382945081,2.4896015630618753,0.8393211887192487,0.8310204081632653
CNFLMWHQETPVGSARDYKI,1032.2098084735926,1022.0,4.320723376205601,2.4969407689726255,0.8426202518151776,0.8342857142857143
FHSPTARKWLMYQGCINVDE,1027.427307022635,1017.0,4.31011930249341,2.481809932354397,0.8387161689980693,0.830204081632653
RNWCFAEMYKDGIQHTSVLP,1031.4705455600697,1022.0,4.319545175219997,2.495756834904441,0.8420167718857712,0.8342857142857143
TWAVECDPHQIYLKFNRMGS,1029.0136390017412,1019.0,4.313755155692615,2.4871837688903735,0.8400111338789724,0.8318367346938775
YPLQEMNDRTFKSAVCWIHG,1029.8441671503192,1020.0,4.314904072048049,2.4938904830224775,0.8406891160410769,0.8326530612244898
CGYNQLWPHMFAKVRDSEIT,1029.2829367382471,1019.0,4.314499960558992,2.4932550436615477,0.8402309687659161,0.8318367346938775
LNGPTICVRAHKQSEDFYWM,1029.5657283807313,1019.0,4.314279199962149,2.487774988043998,0.8404618190863113,0.8318367346938775
SIGCQPRFAVWKHYTDMENL,1030.0779164248404,1020.0,4.316429300917333,2.4877450980392157,0.8408799317753799,0.8326530612244898
QEKPYLFACDMSIVRHWTGN,1028.5053685432385,1018.0,4.31268723777632,2.4835195963836743,0.8395962192189703,0.8310204081632653
LRYVWNFHCGMKTSADQPIE,1030.6259431224607,1021.0,4.317015233431648,2.4932968950291983,0.8413273005081313,0.833469387755102
LQMTRSKAIVGDCNWYFPEH,1029.2823563551945,1019.0,4.313894185782832,2.4883501752441974,0.8402304949838322,0.8318367346938775
KTFWNHPVCDSYMEAIRLGQ,1029.6237666860127,1020.0,4.31450268224081,2.4895994390708713,0.8405091972947043,0.8326530612244898
PLKQIDMGWESNFTRHAVYC,1028.8427161926872,1020.0,4.313998128175428,2.4871837688903735,0.8398716050552549,0.8326530612244898
GHFQRWETVYLIADNMCPKS,1029.4306442251886,1019.0,4.313950857461393,2.48540137343121,0.8403515463062764,0.8318367346938775
VPDQKECGTSMFYNIALHRW,1028.6758560650028,1018.0,4.313181740541139,2.481910569105691,0.8397353927061249,0.8310204081632653
YWIFMQDKRVETNAGPSLCH,1031.3441671503192,1022.0,4.318696293501828,2.496958529174382,0.8419136058369953,0.8342857142857143
CPMYKARVTFHQEDINSGWL,1028.364625652931,1018.0,4.312420253886606,2.4877750611246947,0.8394813270636171,0.8310204081632653
FHQVSKEYWCLRAIGTNDPM,1030.947330237957,1021.0,4.317815246315462,2.491421568627451,0.8415896573371078,0.833469387755102
TIHCGAVYMKQRDLWFPSEN,1029.6938479396401,1020.0,4.315697375279581,2.48837132652572,0.840566406481339,0.8326530612244898
QSFCAEGWVNLIHYMRTPDK,1029.7475333720256,1019.0,4.315347838730615,2.4901960784313726,0.8406102313241025,0.8318367346938775
TLCDSIQMFRGPEWNKAVHY,1029.2756819500871,1019.0,4.314585310962527,2.485961689845185,0.8402250464898671,0.8318367346938775
DRYEIHVFMASKLCGPTNWQ,1029.0094312246083,1019.0,4.314237920372344,2.4870487276796576,0.8400076989588637,0.8318367346938775
YMRCDNHQGKLWVIAFESPT,1029.2354904236797,1019.0,4.314477346279897,2.49390066110883,0.8401922370805548,0.8318367346938775
FPVCSGMKTRNIQDEWLHYA,1027.9068485200232,1018.0,4.311443308475969,2.4846618008382713,0.8391076314449171,0.8310204081632653
LIQGPCTSKERDNWAHFMYV,1030.3409750435287,1021.0,4.316429164364036,2.488943488943489,0.8410946735049214,0.833469387755102
FVNLTAMPWDYQSKCGEHIR,1028.3982878699942,1018.0,4.312987825109226,2.48626593266024,0.8395088064244851,0.8310204081632653
WATEFLQGMICDRYVNKHPS,1028.0515089959374,1018.0,4.310760848213408,2.486578898815015,0.8392257216293366,0.8310204081632653
YNVEDCFQAMWGRKHSLITP,1030.7550783517122,1021.0,4.317053992220379,2.4884544971357707,0.8414327170218059,0.833469387755102
QAFSCDVNIPKTLEYRMWHG,1029.6562681369703,1020.0,4.315004088941637,2.493270210343381,0.8405357290914044,0.8326530612244898
IEQYAVKRLHSMNDFCGPTW,1028.0062391178178,1018.0,4.3120412352516855,2.4841845403363783,0.83918876662679,0.8310204081632653
QATPWEHRKGLVFDNYCSMI,1027.8627394080092,1018.0,4.310860265449655,2.4847008485545805,0.8390716240065382,0.8310204081632653
