,A,C,D,E,F,G,H,I,K,L,M,N,P,Q,R,S,T,V,W,Y
ARGP820102,-0.2893081761006291,0.15723270440251547,-1.0,-0.9622641509433962,0.20125786163522008,-0.7232704402515724,-0.8364779874213837,-0.11949685534591203,-0.9937106918238994,1.0,0.6477987421383649,-0.8867924528301887,-0.5534591194968554,-0.578616352201258,-0.9056603773584906,-0.42138364779874227,-0.5031446540880504,-0.35220125786163525,-0.5471698113207548,-0.7861635220125787
ARGP820103,0.007092198581560183,-0.22695035460992918,-1.0,-0.9361702127659575,0.34042553191489344,-0.6595744680851063,-0.8936170212765957,0.0851063829787233,-0.9929078014184397,0.9787234042553192,1.0,-0.9078014184397163,-0.5602836879432624,-0.7375886524822695,-0.7801418439716312,-0.5248226950354609,-0.45390070921985815,-0.2907801418439717,-0.33333333333333326,-0.6170212765957446
AURR980113,0.5514018691588782,-0.47663551401869153,-0.4299065420560747,0.01869158878504651,0.19626168224299056,-0.7663551401869159,-0.3551401869158879,0.009345794392523255,0.0747663551401867,0.6168224299065419,1.0,-0.4112149532710282,-1.0,-0.2429906542056075,0.09345794392523343,-0.4579439252336448,-0.6355140186915889,-0.18691588785046742,0.4018691588785046,-0.03738317757009346
BAEK050101,-0.12146892655367236,1.0,-0.4128329297820823,-0.5169491525423728,0.5635593220338981,-0.24414850686037137,0.17655367231638408,0.4015334947538336,-0.5855528652138822,0.35411622276029053,-0.11521388216303474,-0.31355932203389836,-1.0,-0.36702986279257477,-0.30871670702179177,-0.48365617433414043,-0.296408393866021,0.20460048426150101,0.6190476190476188,0.34947538337368855
BASU050101,-0.05215171407731578,0.450765864332604,-1.0,-0.7268417213712618,0.9361779722830053,-0.7195477753464624,-0.35010940919037203,0.9711889132020421,-0.587162654996353,1.0,0.086797957695113,-0.6761487964989059,-0.5433989788475565,-0.43180160466812545,-0.41794310722100647,-0.7082421590080232,-0.33552151714077316,0.9390955506929246,0.311086797957695,0.6046681254558717
BASU050102,-0.45010438413361165,0.7311064718162841,-0.9845511482254697,-0.8772442588726513,1.0,-1.0,-0.389144050104384,0.8346555323590816,-0.7762004175365345,0.8405010438413363,-0.08058455114822538,-0.9169102296450939,-0.9594989561586639,-0.7014613778705636,-0.5895615866388308,-0.8718162839248434,-0.6542797494780793,0.476409185803758,0.9636743215031316,0.5457202505219207
BASU050103,-0.11872052491285634,0.5833504203403732,-0.7186795160959607,-1.0,0.678900963707197,-0.6362517941357392,-0.19048595448021322,1.0,-0.8027475907320074,0.8720524912856265,0.14783678490875518,-0.5817100676645479,-0.39183924543776916,-0.6370719704736518,-0.7801927414394095,-0.7215501332786549,-0.1384047570227599,0.9011687512815254,0.3516506048800492,0.4914906704941562
BHAR880101,-0.5020080321285142,-0.5903614457831328,0.7349397590361444,0.6224899598393572,-0.8473895582329316,1.0,-0.7751004016064256,0.3413654618473896,0.37349397590361444,-0.43775100401606437,-1.0,0.3493975903614457,0.718875502008032,0.5903614457831323,0.8795180722891565,0.7028112449799195,0.19678714859437751,-0.26907630522088344,-0.9196787148594376,0.00401606425702794
BIOV880102,0.32193732193732183,0.584045584045584,-0.44729344729344733,-0.7207977207977208,0.9145299145299146,0.02564102564102555,0.3390313390313391,0.641025641025641,-1.0,0.6866096866096867,0.7606837606837606,-0.3390313390313391,-0.1339031339031339,-0.5954415954415955,-0.3162393162393162,-0.2706552706552706,-0.23646723646723644,0.7378917378917378,1.0,0.19658119658119655
BROC820101,0.13013698630136994,-1.0,-0.5684931506849316,-0.8561643835616438,0.9452054794520548,-0.452054794520548,-0.5136986301369864,0.08219178082191769,-0.6232876712328768,1.0,0.013698630136986356,-0.7602739726027398,-0.020547945205479534,-0.3904109589041097,-0.6164383561643836,-0.6506849315068493,-0.31506849315068497,-0.13013698630136994,0.7465753424657535,0.03424657534246567
BUNA790102,-0.049180327868851514,0.8007566204287522,1.0,-0.18537200504413598,0.7427490542244655,-1.0,0.6595208070617911,-0.3644388398486751,-0.026481715006305584,0.04161412358133654,0.3644388398486762,0.9747793190416147,0.2585119798234561,0.01134930643127463,0.06935687263556134,0.3266078184110983,-0.0567465321563676,-0.4653215636822188,0.8411097099621696,0.5939470365699884
BURA740102,-0.4714714714714717,1.0,-0.5735735735735735,-0.6276276276276276,-0.2912912912912914,-0.3273273273273274,-1.0,0.2672672672672669,-0.6096096096096096,0.20120120120120122,0.0510510510510509,-0.8258258258258259,-0.15915915915915912,-0.23723723723723722,-0.027027027027027195,-0.07507507507507527,0.129129129129129,0.7717717717717716,-0.8138138138138138,0.37537537537537524
CHOC750101,-0.7067757009345794,-0.4007009345794392,-0.3212616822429907,0.03621495327102808,0.6004672897196264,-1.0,0.17873831775700944,0.1962616822429908,0.22546728971962637,0.18574766355140193,0.21962616822429926,-0.1962616822429908,-0.26518691588785037,0.10630841121495327,0.5841121495327104,-0.6179906542056075,-0.3492990654205609,-0.12032710280373848,1.0,0.6028037383177569
CHOP780213,-0.5625,-0.7222222222222222,-0.32638888888888884,-0.6736111111111112,-0.8055555555555556,-0.4999999999999999,-0.7638888888888888,-0.8541666666666666,-0.2916666666666665,-0.9166666666666666,-0.5208333333333333,-0.5138888888888888,1.0,-0.4097222222222221,-0.35416666666666663,-0.12499999999999989,-0.3402777777777777,-0.7569444444444444,-1.0,-0.6388888888888888
CHOP780215,-0.9122807017543859,0.3157894736842106,-0.5087719298245614,-0.8070175438596491,-0.7894736842105263,0.7368421052631577,-0.9824561403508771,-0.9473684210526315,-0.26315789473684215,-0.7017543859649122,-0.9649122807017544,-0.3333333333333335,-0.7368421052631577,-0.21052631578947367,-0.4385964912280701,-0.07017543859649145,-0.543859649122807,-1.0,1.0,0.26315789473684204
CHOP780216,-0.6,-0.2799999999999999,0.5085714285714287,-0.41714285714285715,-0.6228571428571428,0.5314285714285714,-0.4514285714285714,-1.0,-0.04000000000000015,-0.92,-0.7485714285714286,0.4514285714285715,1.0,-0.37142857142857133,-0.13142857142857145,0.4057142857142857,-0.21142857142857152,-0.84,-0.7828571428571429,-0.09714285714285709
CIDH920101,-0.28903654485049823,0.5348837209302326,-1.0,-0.521594684385382,0.9933554817275749,-0.654485049833887,0.7209302325581395,0.5149501661129572,-0.22923588039867093,0.8671096345514953,0.9202657807308972,-0.12292358803986703,-0.06976744186046513,-0.6478405315614617,-0.14950166112956798,-0.6411960132890364,-0.45514950166112944,0.8471760797342196,0.9269102990033224,1.0
CORJ870101,-0.008849557522124352,1.0,-0.9683944374209861,-0.9292035398230094,0.33122629582806584,-0.07079646017699104,-0.18963337547408388,0.8179519595448792,-1.0,0.38685208596713005,0.24273072060682654,-0.6359039190897604,-0.6877370417193427,-0.5992414664981034,-0.27433628318584136,-0.4538558786346397,-0.19848293299620778,0.6687737041719337,0.34892541087231366,0.12136536030341305
CORJ870102,-0.4482758620689655,-0.0935960591133006,-1.0,-0.9433497536945812,1.0,-0.6145320197044335,-0.5812807881773399,0.5683497536945812,-0.6059113300492611,0.5548029556650247,0.4347290640394088,-0.7573891625615764,-0.5030788177339902,-0.750615763546798,-0.5529556650246306,-0.5400246305418719,-0.37130541871921174,0.3602216748768472,0.12315270935960587,0.8528325123152711
CORJ870103,-0.24419535628502798,0.6365092073658927,-1.0,-0.7085668534827863,0.7197758206565252,-0.2954363490792634,-0.1897518014411529,0.7966373098478783,-0.990392313851081,1.0,0.6717373899119297,-0.40112089671737383,-0.8062449959967974,-0.9391513210568455,0.02962369895916739,-0.3979183346677342,-0.7293835068054444,0.7726180944755807,-0.05684547638110482,0.44435548438751016
CORJ870105,-0.0467784642541923,0.19505736981465138,-1.0,-0.4298323036187114,1.0,-0.3892321270962048,0.6169461606354811,0.9717563989408649,-0.9752868490732569,0.9488084730803177,0.6716681376875548,-0.851721094439541,-0.6804942630185349,-0.0873786407766991,-0.09973521624007065,-0.4474845542806708,-0.2550750220653134,0.7846425419240952,0.172109443954104,0.588702559576346
CORJ870106,-0.09153416415986249,0.4000859475719811,-0.9965620971207564,-0.3674258702191663,1.0,-0.47571981091534166,0.5865921787709498,0.9639020197679418,-1.0,0.8736570691877956,0.666523420713365,-0.9174903308981522,-0.9088955737000429,-0.09067468844005155,-0.309840996991835,-0.5092393639879673,-0.390631714654061,0.7292651482595616,0.17920068758057583,0.6785560807907178
CORJ870107,-0.1071428571428571,0.4500000000000002,-1.0,-0.5333333333333334,0.9000000000000001,-0.2952380952380952,0.21904761904761916,0.9380952380952385,-0.9452380952380953,1.0,0.766666666666667,-0.6571428571428573,-0.7404761904761905,-0.5238095238095238,-0.03571428571428559,-0.41428571428571426,-0.44285714285714284,0.8142857142857145,0.0,0.5428571428571429
CORJ870108,0.14139693356047722,-0.521862578080636,1.0,0.444633730834753,-0.9182282793867121,0.3708120386144238,-0.20159000567859175,-0.9136854060193073,0.8603066439522997,-1.0,-0.8239636570130607,0.7001703577512777,0.6956274843838728,0.42646223736513345,0.1368540601930721,0.4491766042021579,0.44236229415105055,-0.8023850085178876,0.07552526973310614,-0.5513912549687678
DESM900101,0.5842696629213484,0.853932584269663,-0.9101123595505618,-0.9550561797752809,0.4269662921348314,-0.011235955056179803,-0.0449438202247191,0.258426966292135,-1.0,0.3820224719101124,1.0,-0.5955056179775281,-0.8651685393258427,-0.7303370786516854,-0.50561797752809,-0.08988764044943831,0.0786516853932584,0.606741573033708,-0.1460674157303371,0.06741573033707882
DESM900102,0.5036496350364963,1.0,-0.9416058394160584,-1.0,0.7956204379562042,0.24087591240875916,0.12408759124087587,0.7664233576642334,-0.8540145985401459,0.6496350364963503,0.8832116788321167,-0.47445255474452563,-0.5474452554744524,-0.7664233576642336,-0.781021897810219,0.0948905109489051,0.13868613138686126,0.6058394160583942,0.2116788321167884,-0.03649635036496357
DIGM050101,0.3132530120481929,-0.46506024096385545,0.8289156626506025,0.41445783132530156,-0.18554216867469886,0.9638554216867472,0.09397590361445785,-0.04819277108433728,0.383132530120482,0.2602409638554217,0.06746987951807215,0.2650602409638556,-0.30361445783132546,-0.5228915662650604,1.0,0.9542168674698797,-0.1807228915662651,0.4457831325301205,-0.6746987951807228,-1.0
EISD840101,0.6144578313253009,0.4457831325301205,-0.16465863453815266,-0.0843373493975903,0.9036144578313252,0.542168674698795,0.0923694779116464,1.0,-0.4698795180722892,0.8393574297188753,0.6224899598393574,-0.10040160642570284,0.3574297188755018,-0.1405622489959839,-1.0,0.20481927710843362,0.26907630522088355,0.8473895582329314,0.7108433734939756,0.4297188755020078
ENGD860101,-0.7375,-0.7875,0.6124999999999998,0.4874999999999998,-1.0,-0.6625,-0.16249999999999998,-0.925,0.5625,-0.8875,-0.9624999999999999,0.0625,-0.5125,-0.025000000000000022,1.0,-0.6125,-0.6875,-0.8625,-0.7749999999999999,-0.44999999999999996
FUKS010101,-0.48617086662569153,-1.0,-0.1690227412415488,1.0,-0.750460971112477,-0.016594960049170382,-0.8217578365089121,-0.6299938537185004,0.5599262446220039,-0.4136447449293178,-0.8254456054087277,-0.5574677320221266,-0.3706207744314689,-0.6828518746158574,0.006760909649662139,-0.5107559926244623,-0.5648432698217578,-0.53779963122311,-0.9532882606023356,-0.6976029502151199
FUKS010102,0.023771790808240878,-1.0,0.30903328050713164,1.0,-0.7448494453248811,0.21077654516640276,-0.6053882725832013,-0.618066561014263,0.5673534072900157,-0.34706814580031686,-0.7527733755942947,-0.17749603803486513,-0.2900158478605387,-0.21870047543581606,0.03961965134706835,-0.1917591125198097,-0.19968304278922333,-0.4833597464342314,-0.9635499207606973,-0.6909667194928685
FUKS010104,-0.23102310231023093,-0.9257425742574258,0.21287128712871284,0.6666666666666667,-0.8151815181518152,-0.13366336633663356,-0.7178217821782178,-0.7029702970297029,1.0,-0.3465346534653466,-0.7871287128712872,-0.0924092409240923,-0.15181518151815165,-0.10231023102310233,0.11221122112211224,0.061056105610561184,-0.24092409240924095,-0.4158415841584159,-1.0,-0.7359735973597359
FUKS010105,0.4495867768595041,-0.9983471074380166,-0.6049586776859506,-0.5190082644628101,-0.31239669421487626,-0.04628099173553735,-0.8727272727272728,0.4826446280991734,-0.6231404958677687,1.0,-0.7801652892561984,-0.7950413223140496,-0.5553719008264464,-0.9090909090909092,-0.5702479338842976,-0.5057851239669423,-0.3603305785123968,0.8876033057851238,-1.0,-0.5107438016528927
FUKS010106,0.6854908774978281,-0.9669852302345786,-0.6368375325803649,-0.6125108601216334,-0.3588184187662903,0.07732406602953956,-0.840139009556907,0.4700260642919203,-0.7810599478714162,1.0,-0.68375325803649,-0.7271937445699392,-0.6281494352736752,-0.8227628149435274,-0.6559513466550826,-0.36576889661164214,-0.2580364900086881,0.6350999131190269,-1.0,-0.6055603822762816
FUKS010107,1.0,-1.0,-0.2693641618497108,-0.7040462427745664,-0.049710982658959346,0.7502890173410406,-0.8404624277456647,0.4867052023121392,-0.838150289017341,0.9329479768786129,-0.7341040462427745,-0.18150289017341026,-0.560693641618497,-0.6901734104046242,-0.5953757225433526,0.09364161849711006,-0.0011560693641615716,0.8867052023121391,-0.699421965317919,0.12138728323699444
FUKS010109,0.46799116997792467,-1.0,-0.028697571743929506,1.0,-0.30022075055187647,0.498896247240618,-0.7615894039735099,0.3730684326710816,0.5607064017660042,0.9227373068432667,-0.6997792494481236,-0.48785871964679905,-0.16114790286975722,-0.673289183222958,0.14128035320088284,-0.24061810154525398,-0.18101545253863138,0.7395143487858717,-0.9646799116997793,-0.3995584988962473
FUKS010111,0.9293544457978078,-1.0,0.3349573690621195,-0.23264311814859917,-0.3641900121802679,1.0,-0.7880633373934226,0.010962241169305775,0.10840438489646775,0.37393422655298414,-0.8246041412911084,0.42996345919610235,-0.17661388550548096,-0.27161997563946394,-0.31546894031668693,0.6419001218026796,0.5152253349573692,0.38855054811205836,-0.7417783191230207,-0.037758830694275214
FUKS010112,0.21436588103254772,-0.8765432098765432,-0.043771043771043794,0.26823793490460135,-0.3041526374859709,0.0056116722783388084,-0.8002244668911336,-0.05050505050505061,0.425364758698092,1.0,-0.7755331088664421,-0.29068462401795736,-0.2547699214365883,-0.26374859708193055,-0.11784511784511797,0.18518518518518512,-0.13804713804713808,0.2929292929292928,-1.0,-0.6026936026936027
GEIM800108,-0.38888888888888884,-0.35185185185185175,0.5185185185185184,-0.2777777777777778,-0.7407407407407407,0.7222222222222221,-0.40740740740740733,-0.8703703703703702,-0.5555555555555556,-0.9814814814814815,-1.0,0.962962962962963,1.0,-0.33333333333333337,-0.2222222222222222,0.20370370370370372,-0.14814814814814803,-0.9629629629629629,-0.8333333333333333,-0.37037037037037024
GEIM800110,0.014705882352941346,-0.05882352941176461,0.47058823529411753,0.4558823529411764,-0.7205882352941176,0.3088235294117647,-0.3529411764705883,-0.6176470588235293,-0.22058823529411764,-0.838235294117647,-0.5882352941176472,0.7058823529411766,1.0,-0.4117647058823529,-0.23529411764705888,0.0588235294117645,-0.3088235294117647,-0.75,-0.6911764705882353,-1.0
GEIM800111,-0.3577981651376144,-0.37614678899082543,0.17431192660550487,-0.1376146788990823,-0.7614678899082569,0.596330275229358,-0.3027522935779815,-1.0,-0.39449541284403644,-0.981651376146789,-0.963302752293578,0.43119266055045924,1.0,-0.5412844036697246,-0.21100917431192645,0.2293577981651378,-0.08256880733944927,-0.9266055045871558,-0.8165137614678897,-0.2660550458715595
GEOR030103,-0.13025499655410078,-1.0,-0.40937284631288773,0.5623707787732599,0.46243969676085483,-0.2887663680220537,0.45899379738111645,0.035148173673328786,-0.0820124052377672,0.08339076498966236,0.34872501722949667,-0.25430737422467253,1.0,-0.20606478290833896,0.5554789800137836,-0.06822880771881479,0.14541695382494835,-0.05789110957960042,-0.016540317022743056,0.6243969676085459
GEOR030106,0.03283582089552217,-1.0,-0.19104477611940296,0.22089552238805932,0.4238805970149253,-0.5791044776119403,0.22388059701492535,-0.0865671641791047,0.07164179104477575,0.37910447761194055,0.3402985074626863,-0.31641791044776124,1.0,0.05970149253731338,0.45671641791044726,-0.20298507462686566,0.02686567164179099,-0.06567164179104501,-0.1194029850746271,0.33134328358208975
GEOR030107,-0.5825426944971537,-0.039848197343453795,-0.45730550284629967,0.26375711574952576,0.04743833017077814,-0.4876660341555976,-0.20303605313092976,-0.8671726755218219,-0.38519924098671743,-0.1954459203036053,-1.0,0.3738140417457303,1.0,0.586337760910816,0.4117647058823528,-0.22580645161290325,0.24478178368121495,-0.5521821631878557,-0.7760910815939281,-0.6812144212523721
GEOR030108,0.4006514657980458,-1.0,-0.1628664495114006,0.7491856677524431,0.39413680781758975,-0.8827361563517918,0.1400651465798044,-0.18566775244299671,0.12703583061889234,1.0,0.6579804560260587,-0.1368078175895765,-0.5504885993485342,0.5048859934853422,0.8794788273615637,-0.2703583061889251,-0.446254071661238,-0.19869706840390877,0.03908794788273595,0.3452768729641691
GEOR030109,-1.0,-0.8910585817060637,-0.8705035971223021,-0.882836587872559,-0.3669064748201438,-0.7225077081192189,-0.5745118191161356,-0.7882836587872559,-0.8972250770811921,-0.9136690647482013,-0.9280575539568345,-0.7677286742034943,1.0,-0.7430626927029804,-0.5991778006166495,-0.6711202466598152,-0.2887975334018499,-0.6793422404933196,-0.9815005138746146,-0.7903391572456322
GUYH850101,0.1017369727047146,-0.6526054590570719,0.43920595533498763,0.46401985111662536,-1.0,0.21588089330024807,-0.19602977667493793,-0.5086848635235731,0.7468982630272951,-0.5334987593052108,-0.7369727047146402,0.29032258064516125,0.4143920595533499,0.5235732009925558,1.0,0.3101736972704714,0.08684863523573183,-0.5781637717121588,-0.20099255583126552,-0.05210918114143914
GUYH850104,-0.5789473684210527,-1.0,0.09022556390977443,0.16541353383458635,-0.6842105263157895,-0.5939849624060151,-0.24812030075187974,-0.8421052631578948,1.0,-0.7443609022556391,-0.631578947368421,0.022556390977443552,-0.09022556390977454,0.18045112781954864,0.631578947368421,-0.2706766917293234,-0.18796992481203012,-0.8120300751879699,-0.5488721804511278,-0.045112781954887216
GUYH850105,-0.6214285714285714,-0.5928571428571427,-0.07142857142857129,-0.19285714285714273,-0.8214285714285714,-0.5857142857142856,-0.16428571428571426,-1.0,0.40714285714285725,-0.7428571428571429,-0.6499999999999999,0.0071428571428573395,-0.17142857142857126,0.2857142857142858,1.0,-0.30714285714285705,-0.29999999999999993,-0.8928571428571428,-0.3928571428571428,-0.08571428571428563
HARY940101,-0.6867182846932698,-0.4115544967242405,-0.3650982727814175,-0.08278737343656906,0.5449672424061942,-1.0,0.1375818939845148,0.20428826682549173,0.26503871351995256,0.200714711137582,0.23764145324597985,-0.24121500893388903,-0.293627159023228,0.019654556283502433,0.5366289458010722,-0.6378796902918402,-0.33055390113162586,-0.10303752233472296,0.5878499106611081,1.0
HUTJ700101,-0.7583863187897392,0.183512387634291,-0.4132865599649198,-0.20499890374917762,0.08791931593948732,-1.0,0.5755316816487615,-0.06643279982459971,0.46415259811444876,0.06643279982460015,1.0,-0.3602280201710152,-0.4553825915369435,-0.10940583205437382,-0.8833589125191843,-0.6189432142074107,-0.49616312212234137,-0.27033545275158943,0.45625959219469436,0.22867792150844113
HUTJ700102,-0.718928816662852,0.33165484092469644,-0.27122911421377915,-0.07347219043259356,0.2048523689631494,-1.0,0.8883039597161817,0.14305333028152867,0.7610437170977336,0.18471046005950975,0.3998626688029294,-0.22362096589608604,-0.33760585946440835,0.0016021972991528965,1.0,-0.5005722133211262,-0.46166170748455027,-0.17555504692149249,0.6140993362325473,0.2089723048752572
HUTJ700103,-0.7519590821641405,-0.13762845478860686,-0.3711228942799494,-0.1060015954202056,-0.27887006710149675,-1.0,0.07587630800994782,-0.011684106799305427,0.6194453568579605,-0.02022429731124764,-0.29848435080474867,-0.24921402092815914,-0.5117075688611514,0.00990099009900991,1.0,-0.5667964900755478,-0.26892215287879484,-0.25202946834967865,0.023978227206606917,-0.049786495237201356
ISOY800101,0.8156028368794328,-0.0921985815602836,0.06382978723404253,0.9574468085106382,0.375886524822695,-0.7304964539007093,0.1063829787234043,0.16312056737588665,0.4326241134751774,0.5177304964539009,1.0,-0.5035460992907801,-1.0,0.44680851063829796,0.3049645390070921,-0.43262411347517726,-0.13475177304964536,-0.03546099290780125,0.13475177304964547,-0.36170212765957455
JACR890101,0.8915254237288135,0.9220338983050846,0.03050847457627137,0.1186440677966103,1.0,0.8610169491525423,0.32881355932203404,0.9559322033898305,-0.027118644067796516,0.9694915254237289,0.9796610169491526,0.38983050847457634,0.7627118644067796,0.41694915254237297,-1.0,0.6949152542372881,0.7152542372881356,0.9389830508474577,0.8271186440677967,0.8033898305084746
JANJ780101,-0.7188571428571429,-1.0,0.030857142857142916,0.20457142857142863,-0.7714285714285715,-0.7942857142857143,-0.1954285714285714,-0.8331428571428572,1.0,-0.7234285714285714,-0.5885714285714285,0.01942857142857135,-0.17714285714285716,0.21599999999999997,0.8102857142857143,-0.39428571428571424,-0.32571428571428573,-0.8125714285714286,-0.561142857142857,-0.09257142857142853
JUNJ780101,0.9276315789473684,-0.5328947368421053,-0.009868421052631526,0.07894736842105265,-0.32894736842105265,1.0,-0.8157894736842105,-0.02960526315789469,0.5657894736842106,0.5855263157894737,-0.8914473684210527,-0.019736842105263164,-0.12171052631578949,-0.29605263157894735,-0.06907894736842102,0.625,0.2861842105263157,0.493421052631579,-1.0,-0.3651315789473685
KANM800101,0.7500000000000002,-0.3750000000000001,0.08333333333333348,1.0,0.10416666666666674,-0.7708333333333334,0.22916666666666696,0.16666666666666674,0.45833333333333326,0.4375,0.9375,-0.22916666666666663,-1.0,0.2916666666666665,0.0,-0.5416666666666667,-0.39583333333333326,-0.1250000000000001,-0.06250000000000011,-0.4374999999999999
KANM800103,0.5308641975308641,-0.3950617283950618,-0.1358024691358024,0.33333333333333326,0.2222222222222221,-0.6049382716049383,0.1358024691358024,0.2592592592592593,0.308641975308642,0.6666666666666667,1.0,-0.4691358024691358,-1.0,0.14814814814814792,0.16049382716049365,-0.6666666666666667,-0.3086419753086419,0.09876543209876543,0.18518518518518512,-0.345679012345679
KARP850102,-0.259911894273128,-0.8590308370044052,1.0,0.5330396475770931,-0.5594713656387661,0.5859030837004411,-0.2070484581497799,-0.7356828193832596,0.9383259911894282,-0.12775330396475781,-1.0,0.26872246696035273,0.9647577092511013,0.43612334801762054,0.46255506607929564,0.6387665198237891,0.6651982378854622,-0.4273127753303959,-0.5154185022026427,-0.4008810572687219
KRIW710101,0.2584269662921348,-1.0,0.5056179775280898,0.4831460674157302,-0.0561797752808989,0.9325842696629212,0.2359550561797752,-0.1910112359550562,1.0,-0.0449438202247191,-0.4606741573033708,0.550561797752809,0.797752808988764,0.595505617977528,0.6853932584269662,0.4044943820224718,0.3033707865168538,-0.011235955056179692,0.12359550561797739,0.20224719101123578
KRIW790101,-0.16316639741518557,-1.0,0.3925686591276254,0.43457189014539566,-0.7221324717285945,0.40872374798061384,0.2697899838449114,-0.8126009693053311,1.0,-0.28917609046849746,-0.7705977382875606,0.45718901453958005,0.7641357027463656,0.4216478190630051,0.5573505654281101,0.1760904684975768,0.10823909531502429,-0.48949919224555727,-0.6607431340872375,-0.40226171243941833
KUMS000101,0.8863636363636365,-1.0,0.2954545454545454,0.4318181818181819,-0.38636363636363646,1.0,-0.6363636363636364,0.4545454545454546,0.25,0.5454545454545454,-0.6136363636363638,-0.13636363636363635,-0.18181818181818188,-0.5000000000000001,-0.09090909090909105,-0.2272727272727274,0.15909090909090917,0.7272727272727271,-0.8409090909090909,-0.11363636363636376
KUMS000103,1.0,-1.0,-0.19999999999999996,0.2428571428571431,-0.29999999999999993,-0.4285714285714286,-0.7285714285714286,0.0,0.08571428571428585,0.2857142857142858,-0.5428571428571429,-0.5571428571428572,-0.9142857142857143,-0.48571428571428565,-0.22857142857142854,-0.4571428571428572,-0.38571428571428557,-0.17142857142857137,-0.8428571428571429,-0.37142857142857133
LEVM760105,-0.7888888888888888,-0.28888888888888875,-0.05555555555555547,0.3222222222222222,0.46666666666666656,-1.0,0.3333333333333337,0.08888888888888902,0.6666666666666667,0.06666666666666687,0.35555555555555585,-0.033333333333333215,-0.2555555555555554,0.30000000000000004,1.0,-0.4444444444444443,-0.2666666666666666,-0.21111111111111092,0.8111111111111111,0.7222222222222221
LEVM780102,-0.388235294117647,-0.7647058823529412,-0.811764705882353,-0.7411764705882353,0.6000000000000001,-0.3411764705882352,0.03529411764705892,0.9058823529411764,-0.6941176470588235,-0.10588235294117643,-0.22352941176470598,-0.7176470588235294,-1.0,-0.6235294117647058,-0.17647058823529416,-0.2705882352941178,0.3411764705882352,1.0,0.17647058823529393,0.43529411764705883
LEVM780103,-0.52,-0.46666666666666656,0.33333333333333326,-0.22666666666666657,-0.76,0.6399999999999999,-0.6399999999999999,-0.8666666666666666,-0.2666666666666666,-0.7733333333333333,-1.0,0.16000000000000014,1.0,-0.23999999999999988,-0.3733333333333333,0.2133333333333336,-0.1599999999999998,-0.92,-0.5333333333333332,-0.1466666666666665
MANP780101,-0.1275720164609051,0.5555555555555556,-1.0,-0.5720164609053495,0.29629629629629606,-0.34979423868312776,-0.4609053497942386,0.9835390946502054,-0.7901234567901236,0.6666666666666665,0.45679012345679015,-0.7654320987654321,-0.7860082304526751,-0.6255144032921811,-0.641975308641975,-0.8436213991769544,-0.6543209876543211,1.0,0.26748971193415616,0.057613168724279795
MAXF760102,-0.3239436619718311,0.549295774647887,-0.7183098591549297,-1.0,0.5211267605633798,-0.014084507042253724,0.23943661971830998,0.7464788732394365,-0.5211267605633803,0.01408450704225328,0.295774647887324,-0.6619718309859155,0.6901408450704223,-0.23943661971830987,-0.09859154929577485,0.18309859154929575,0.577464788732394,1.0,0.267605633802817,0.7746478873239435
MEEJ800102,-0.421875,-0.5859375,-0.6328125,-1.0,0.6718749999999998,-0.453125,-0.3515625,0.5078125,-0.6640625,0.3671875,0.140625,-0.5390625,0.2109375,-0.609375,-0.765625,-0.703125,-0.296875,-0.15625,1.0,0.22656249999999978
MEEJ810101,-0.5023474178403755,0.06103286384976525,-0.755868544600939,-0.539906103286385,0.6525821596244132,-0.6244131455399061,-0.6713615023474179,0.192488262910798,-0.784037558685446,0.42723004694835676,-0.09859154929577452,-1.0,-0.192488262910798,-0.8779342723004695,-0.6431924882629108,-0.9061032863849765,-0.7652582159624413,-0.05164319248826277,1.0,0.08920187793427248
MIYS850101,-0.28025477707006374,0.3566878980891719,-0.7197452229299364,-0.6751592356687899,1.0,-0.4713375796178344,-0.24840764331210186,0.8726114649681527,-1.0,0.7197452229299364,0.9044585987261144,-0.7006369426751593,-0.5796178343949046,-0.6687898089171975,-0.5605095541401275,-0.6305732484076433,-0.4840764331210191,0.43949044585987274,0.6496815286624202,0.07006369426751591
MUNV940102,-1.0,-0.15934539190353147,-0.46080964685615844,-0.9035314384151593,-0.39879414298018956,0.27820844099913855,-0.28509905254091295,-0.5572782084409991,-0.7157622739018088,-0.7915590008613265,-0.7984496124031009,-0.19035314384151603,1.0,-0.739879414298019,-0.7691645133505598,-0.39707149009474596,-0.252368647717485,-0.44875107665805347,-0.4987080103359173,-0.3281653746770028
MUNV940103,0.23325635103926112,-0.5681293302540417,0.6628175519630486,0.24480369515011557,-0.6789838337182448,0.28868360277136285,-0.1685912240184757,-0.9145496535796769,0.10854503464203247,-0.43879907621247105,-0.3856812933025403,0.5034642032332566,1.0,0.1639722863741342,-0.006928406466512715,0.018475750577367167,-0.4503464203233256,-1.0,-0.5173210161662818,-0.7251732101616628
NADH010103,0.19242902208201884,1.0,-0.362776025236593,-0.6340694006309149,0.7413249211356467,-0.17981072555205047,-0.2870662460567823,0.5899053627760253,-1.0,0.5835962145110409,0.41955835962145116,-0.5331230283911672,-0.5772870662460567,-0.722397476340694,-0.7539432176656151,-0.26182965299684546,-0.003154574132492094,0.665615141955836,0.5772870662460567,0.1608832807570979
NADH010107,-0.4360086767895879,1.0,0.648590021691974,0.08026030368763548,0.09327548806941421,-0.7136659436008677,-0.7310195227765727,-0.30585683297180044,0.07158351409978314,-0.2711496746203904,-0.158351409978308,-0.8481561822125814,-1.0,-0.5878524945770065,-0.6052060737527115,-0.6529284164859002,0.3275488069414316,0.06724511930585675,0.3492407809110629,-0.45770065075921906
NAKH900101,0.70076726342711,-0.8797953964194374,-0.02813299232736577,0.21739130434782594,-0.36317135549872115,0.42455242966751916,-0.7877237851662404,0.05882352941176472,0.19437340153452687,1.0,-0.7033248081841432,-0.23529411764705876,-0.07672634271099743,-0.32480818414322266,0.15601023017902826,0.40664961636828645,0.13299232736572875,0.3580562659846549,-1.0,-0.5370843989769822
NAKH900106,-0.5256723716381417,-0.39364303178484106,-1.0,-0.8190709046454767,0.4474327628361858,-0.4816625916870415,-0.19804400977995096,0.39364303178484117,-0.745721271393643,0.8092909535452324,1.0,-0.23716381418092902,-0.1931540342298288,-0.5941320293398533,-0.8777506112469438,-0.10024449877750607,0.23716381418092936,-0.6332518337408313,0.41320293398533026,-0.14914425427872857
NAKH900107,-0.23089983022071325,-1.0,-0.6247877758913414,-0.6876061120543293,-0.06960950764006812,-0.039049235993209086,-0.767402376910017,0.5415959252971136,-0.3531409168081494,1.0,-0.5212224108658743,0.09507640067911693,-0.5314091680814941,-0.7538200339558574,-0.6689303904923599,0.08319185059422729,-0.22241086587436343,-0.09677419354838723,-0.867572156196944,-0.22580645161290336
NAKH900109,0.6575481256332321,-1.0,-0.4285714285714285,-0.24417426545086118,0.07193515704154008,0.5075987841945289,-0.8358662613981763,0.09422492401215798,-0.5075987841945289,1.0,-0.580547112462006,-0.4650455927051672,-0.33333333333333326,-0.574468085106383,-0.414387031408308,0.05167173252279644,-0.06990881458966558,0.3130699088145896,-0.7669706180344478,-0.5521783181357649
NAKH900111,0.20289855072463747,-0.9420289855072463,-0.9815546772068511,-0.9855072463768116,0.12779973649538845,0.03162055335968361,-0.9960474308300395,0.3003952569169963,-1.0,1.0,-0.5942028985507246,-0.9578392621870883,-0.841897233201581,-0.930171277997365,-0.9776021080368906,-0.42819499341238476,-0.3978919631093544,0.3702239789196309,-0.785243741765481,-0.7839262187088274
NAKH900112,-0.41647058823529415,-0.9604705882352941,-0.9830588235294118,-0.8851764705882353,-0.30823529411764705,-0.5792941176470588,-0.9312941176470588,0.17647058823529416,-0.9303529411764706,1.0,-0.363764705882353,-0.8654117647058823,-0.7082352941176471,-0.9256470588235294,-1.0,-0.3948235294117647,-0.2018823529411764,-0.4456470588235294,-0.84,-0.7967058823529412
NAKH920101,1.0,-0.9412515964240102,0.38952745849297576,0.7931034482758619,-0.5070242656449554,0.532567049808429,-0.5146871008939975,-0.3154533844189018,0.392081736909323,0.9514687100893995,-0.6577266922094509,-0.13665389527458505,0.39974457215836523,0.011494252873563093,0.519795657726692,0.9744572158365259,-0.07279693486590055,0.18518518518518512,-1.0,-0.5555555555555556
NAKH920102,1.0,-0.9577329490874159,0.08741594620557147,0.7041306436119115,-0.5273775216138329,0.39289145052833807,-0.6772334293948127,-0.74447646493756,0.08357348703170042,0.4524495677233429,-0.3621517771373679,0.014409221902017322,0.29490874159462055,-0.19116234390009612,0.06436119116234384,0.3025936599423631,-0.4159462055715658,-0.212295869356388,-1.0,-0.8962536023054755
NAKH920103,0.09062980030721968,-0.4961597542242703,0.2749615975422428,0.6743471582181257,-0.41013824884792627,0.46850998463901683,-0.6651305683563749,-0.13978494623655902,0.12135176651305679,1.0,-1.0,-0.01382488479262689,0.2442396313364057,-0.12442396313364046,-0.14592933947772657,0.978494623655914,0.78494623655914,0.6589861751152075,-0.9754224270353303,-0.4408602150537635
NAKH920104,-0.20547945205479468,-0.912826899128269,-0.15068493150684947,0.05105853051058529,-0.5342465753424658,0.3051058530510584,-0.7160647571606475,-0.3848069738480697,0.11083437110834327,1.0,-1.0,0.018679950186799354,0.088418430884184,-0.33997509339975107,-0.5317559153175593,0.5442092154420921,-0.16562889165628902,0.08094645080946439,-0.937733499377335,-0.6338729763387299
NAKH920105,-0.11531531531531536,-0.7774774774774775,-0.9756756756756757,-1.0,-0.42432432432432443,-0.27387387387387396,-0.9891891891891892,0.3666666666666665,-0.9927927927927928,1.0,-0.8405405405405406,-0.9225225225225225,-0.7927927927927928,-0.9288288288288289,-0.9990990990990991,-0.6315315315315315,-0.6171171171171171,0.28468468468468444,-0.8081081081081082,-0.6990990990990992
NAKH920106,0.542465753424658,-0.8246575342465754,0.07123287671232892,0.8356164383561644,-0.3068493150684931,0.441095890410959,-0.7123287671232876,-0.05479452054794509,1.0,0.9643835616438359,-0.6164383561643836,-0.06027397260273959,0.13424657534246598,0.18630136986301382,0.5315068493150688,0.7369863013698632,0.12876712328767126,0.1534246575342464,-1.0,-0.536986301369863
NAKH920107,-0.022950819672131084,-0.721311475409836,0.2655737704918033,0.29180327868852474,-0.25901639344262284,1.0,-1.0,-0.06557377049180324,-0.07213114754098371,0.9442622950819672,-0.8327868852459017,0.19672131147540983,-0.10163934426229515,-0.29836065573770487,-0.13114754098360648,0.41311475409836085,0.23606557377049198,0.30163934426229533,-0.9311475409836065,-0.19672131147540983
NISK800101,-0.06529209621993137,1.0,-1.0,-0.738831615120275,0.10652920962199297,-0.2714776632302407,-0.147766323024055,0.5945017182130583,-0.9450171821305843,0.48453608247422686,0.23024054982817876,-0.8694158075601375,-0.7457044673539519,-0.6151202749140894,-0.4020618556701032,-0.6838487972508592,-0.47079037800687296,0.6288659793814433,0.3951890034364258,0.18213058419243966
NISK860101,-0.18852459016393452,0.8114754098360655,-0.9877049180327869,-0.889344262295082,0.9364754098360655,-0.47540983606557385,0.11885245901639352,1.0,-1.0,0.8831967213114753,0.5758196721311475,-0.6864754098360656,-0.764344262295082,-0.709016393442623,-0.334016393442623,-0.7254098360655739,-0.389344262295082,0.7684426229508194,0.9221311475409835,0.2971311475409837
OOBM770101,-0.576399394856278,-1.0,0.564296520423601,0.5128593040847207,-0.48260211800302566,-0.585476550680786,-0.152798789712556,-0.7458396369137668,1.0,-0.7912254160363081,-0.7821482602118002,0.4372163388804844,0.016641452344932084,0.5552193645990928,0.6944024205748867,-0.14674735249621718,-0.1891074130105893,-0.8366111951588501,-0.49773071104387245,0.05597579425113519
OOBM770103,0.29128014842300565,-0.3729128014842302,0.7922077922077924,0.7365491651205938,-0.5918367346938775,0.13172541743970312,0.10946196660482355,-0.7142857142857144,1.0,-0.2987012987012988,-0.33209647495361794,0.6957328385899815,0.39517625231910936,0.6103896103896105,0.05751391465677158,0.42486085343228197,0.20222634508348802,-0.5881261595547309,-1.0,-0.32096474953617826
OOBM770104,0.7972434585980404,0.5027457736621082,0.5098524819640355,0.3299235490470549,-0.39033056961343826,1.0,-0.07225153440292897,0.13685797351135975,0.48594809949391626,0.12393668568967375,0.12652094325401086,0.4736728760633142,0.5368795089910625,0.3434909012598255,0.07042101862818972,0.684935931947884,0.48562506729837396,0.3243243243243241,-1.0,-0.3610423172176159
OOBM770105,0.6510486390004466,0.3900044622936192,0.14323962516733624,-0.11802766622043726,-0.5682730923694778,1.0,-0.4935296742525659,0.09504685408299873,0.06068719321731386,-0.12985274431057547,-0.10843373493975883,0.11468094600624745,0.28692547969656435,-0.02365015618027666,-0.04306113342257911,0.48103525211958975,0.26193663543061163,0.2588130298973672,-1.0,-0.5403837572512269
OOBM850101,0.41217391304347806,0.4017391304347824,-1.0,0.03652173913043488,0.645217391304348,-0.24521739130434783,-0.3356521739130436,1.0,0.5999999999999999,0.6626086956521737,0.3217391304347825,-0.2765217391304349,-0.1443478260869565,0.0678260869565217,0.005217391304347618,0.22434782608695647,0.5443478260869563,0.9304347826086956,0.5791304347826087,0.48869565217391275
OOBM850102,0.5031367628607277,0.4353826850690088,1.0,0.7189460476787954,0.36762860727728985,0.6863237139272271,0.4855708908406524,0.33249686323713923,0.3199498117942283,0.302383939774153,0.34253450439146804,0.7917189460476788,0.698870765370138,0.5407779171894604,0.40526976160602257,0.40276035131744026,0.4404015056461732,0.4981179422835633,-1.0,0.12421580928481801
OOBM850103,-0.02732240437158473,-0.12204007285974494,-0.3151183970856103,-0.020036429872495543,-0.005464480874316946,0.03825136612021862,-0.6721311475409837,1.0,-0.8178506375227687,-0.03825136612021862,-0.14025500910746824,0.2823315118397085,-0.4061930783242259,-0.6029143897996357,-0.7559198542805101,-0.49726775956284164,-0.7486338797814208,0.0018214936247722413,0.2604735883424407,-1.0
OOBM850104,0.1332595053525285,0.0860095976375046,0.9712070874861571,0.6153562200073828,-0.17312661498708015,0.275747508305648,0.6286452565522331,-0.4854189737910668,-0.4189737910668144,-0.21151716500553708,-0.04909560723514217,0.4846806939830195,0.7002583979328165,0.44924326319675156,0.5053525286083427,0.19896640826873369,-0.03359173126614989,0.023994093761535495,-1.0,1.0
OOBM850105,-0.06980802792321106,-1.0,-0.3664921465968586,0.03664921465968596,-0.101221640488656,0.7312390924956371,-0.0820244328097729,-0.4973821989528796,1.0,-0.29842931937172756,-0.4834205933682373,0.10645724258289713,0.03315881326352543,-0.13961605584642212,0.17801047120418856,0.3193717277486914,0.6369982547993018,-0.19895287958115182,-0.5200698080279231,-0.4450261780104712
PALJ810102,0.6483516483516485,-0.7142857142857143,-0.1208791208791209,1.0,0.16483516483516514,-0.956043956043956,0.0769230769230771,-0.03296703296703285,0.23076923076923062,0.4285714285714286,0.9780219780219781,-0.6263736263736264,-1.0,0.4945054945054945,0.03296703296703307,-0.5604395604395603,-0.36263736263736257,0.054945054945055194,-0.010989010989010839,-0.6703296703296703
PALJ810108,0.42622950819672156,0.3114754098360657,-0.032786885245901454,1.0,-0.0983606557377048,-1.0,0.049180327868852736,-0.39344262295081966,2.220446049250313e-16,0.5081967213114753,-0.29508196721311464,-0.4098360655737705,-0.9836065573770492,0.08196721311475397,-0.2786885245901638,-0.04918032786885229,-0.5573770491803278,0.16393442622950816,-0.721311475409836,-0.5737704918032787
PARS000102,-0.22784810126582278,-1.0,0.4303797468354429,1.0,-0.26582278481012667,0.11392405063291133,-0.3607594936708862,-0.3164556962025318,0.5696202531645569,-0.10126582278481,-0.27215189873417733,0.17721518987341778,-0.012658227848101444,0.5063291139240504,-0.18354430379746833,0.12658227848101267,-0.10759493670886067,-0.39240506329113944,-0.41139240506329133,-0.4367088607594939
PONJ960101,-0.71714790807307,-0.4472598703594578,-0.202121390689452,0.026517383618149593,0.5474366529169123,-1.0,0.12787271655863286,0.12080141426045965,0.11962286387743082,0.13022981732469074,0.15969357690041264,-0.16558632881555668,-0.3411903358868591,0.047731290512669444,0.5156157925751326,-0.5934001178550383,-0.3105480259281084,-0.16440777843252785,0.6770771950500887,1.0
PONP800102,-0.27063339731285974,1.0,-0.8234165067178503,-0.746641074856046,0.25527831094049924,-0.3896353166986565,-0.1823416506717851,0.6391554702495204,-1.0,0.4011516314779269,0.5777351247600768,-0.8272552783109404,-0.6468330134357005,-0.6353166986564298,-0.581573896353167,-0.5355086372360844,-0.4779270633397311,0.7888675623800387,0.032629558541267034,0.07869481765834929
PONP800104,0.21917808219178103,0.6027397260273974,-1.0,-0.28310502283105,0.4155251141552514,1.0,-0.721461187214612,0.6666666666666672,-0.5525114155251138,0.3835616438356164,0.10502283105022858,-0.42465753424657526,-0.757990867579909,-0.8538812785388126,-0.8630136986301374,-0.8721461187214614,-0.07762557077625565,-0.13242009132420052,-0.506849315068493,-0.24200913242009103
PONP800108,-0.21476510067114107,1.0,-0.9530201342281878,-0.8523489932885908,0.16778523489932873,-0.14093959731543615,-0.3825503355704699,0.7651006711409394,-1.0,0.6711409395973154,0.013422818791946067,-0.8926174496644295,-0.48322147651006686,-0.6174496644295301,-0.44966442953020125,-0.5637583892617448,-0.3758389261744969,0.8389261744966441,0.4093959731543626,0.24161073825503365
PRAM900101,-0.7373134328358208,-0.7880597014925373,0.6119402985074627,0.4865671641791043,-1.0,-0.6626865671641791,-0.16119402985074627,-0.9253731343283582,0.5611940298507463,-0.8865671641791044,-0.9611940298507462,0.0626865671641792,-0.5134328358208955,-0.023880597014925287,1.0,-0.6119402985074627,-0.6865671641791045,-0.8626865671641791,-0.7731343283582089,-0.4507462686567164
PRAM900103,-0.388235294117647,-0.7647058823529412,-0.811764705882353,-0.7411764705882353,0.6000000000000001,-0.3411764705882352,0.03529411764705892,0.9058823529411764,-0.6941176470588235,-0.10588235294117643,-0.22352941176470598,-0.7176470588235294,-1.0,-0.6235294117647058,-0.17647058823529416,-0.2705882352941178,0.3411764705882352,1.0,0.17647058823529393,0.43529411764705883
PRAM900104,-0.48684210526315785,-0.4605263157894737,0.3421052631578947,-0.19736842105263164,-0.7500000000000001,0.644736842105263,-0.605263157894737,-0.8421052631578947,-0.2500000000000001,-0.736842105263158,-1.0,0.17105263157894735,1.0,-0.23684210526315796,-0.35526315789473684,0.23684210526315796,-0.1578947368421053,-0.8947368421052632,-0.5263157894736843,-0.13157894736842102
QIAN880110,0.7172774869109948,0.12041884816753923,-0.45549738219895286,0.32984293193717273,0.4973821989528797,-0.04712041884816742,0.9267015706806283,0.23560209424083767,0.8848167539267016,0.9790575916230366,1.0,0.287958115183246,-1.0,0.8219895287958114,0.581151832460733,-0.12041884816753923,-0.0680628272251308,0.38219895287958106,0.5392670157068065,0.30890052356020936
QIAN880120,-0.15384615384615385,0.170940170940171,-0.8034188034188035,-0.4700854700854701,0.4700854700854702,-0.5555555555555556,-0.07692307692307676,1.0,-0.4444444444444444,0.2564102564102564,0.3333333333333335,-0.5982905982905983,-1.0,-0.04273504273504258,0.042735042735042805,-0.20512820512820518,0.20512820512820507,0.6495726495726497,0.4444444444444444,0.7179487179487178
QIAN880133,-0.41747572815533973,-0.26213592233009697,0.4692556634304208,-0.2038834951456311,-0.3980582524271844,0.6569579288025891,-0.11326860841423936,-0.9029126213592232,-0.08737864077669888,-0.5922330097087378,-0.7022653721682848,0.3786407766990292,1.0,-0.15210355987055013,-0.2944983818770226,0.2621359223300972,0.04207119741100329,-1.0,-0.3851132686084142,-0.4110032362459546
QIAN880134,-0.5398773006134969,-0.6257668711656441,0.006134969325153561,-0.3496932515337423,-0.7668711656441718,0.12883435582822078,-0.5214723926380367,-0.7914110429447853,-0.2883435582822086,-0.8834355828220859,-0.8282208588957055,-0.1165644171779141,1.0,-0.38650306748466257,-0.4171779141104295,-0.1901840490797545,-0.31288343558282194,-1.0,-0.6625766871165644,-0.6932515337423313
QIAN880138,-0.7719298245614036,-0.03508771929824561,0.2280701754385963,0.12280701754385959,-0.4035087719298247,-0.1228070175438597,-0.7543859649122807,0.36842105263157876,-0.6315789473684211,-1.0,-0.7017543859649124,-0.26315789473684226,1.0,0.45614035087719285,-0.7192982456140351,-0.8771929824561404,-0.8947368421052632,0.14035087719298223,-0.6842105263157896,-0.2456140350877194
RACS770102,-0.1434184675834972,-0.4381139489194499,0.3673870333988212,0.4813359528487233,-1.0,0.3045186640471511,-0.261296660117878,-0.9253438113948919,1.0,-0.705304518664047,-0.7721021611001962,0.23772102161100217,0.4538310412573674,0.6777996070726913,0.5284872298624759,0.4106090373280946,0.25736738703339856,-0.6306483300589392,-0.43418467583497045,0.2848722986247547
RACS820102,1.0,-0.17391304347826086,-0.30434782608695665,0.8043478260869563,-0.26086956521739135,-1.0,-0.28260869565217406,-0.06521739130434778,0.326086956521739,0.19565217391304324,0.6304347826086953,-0.7608695652173914,0.7391304347826084,0.26086956521739113,0.043478260869564966,-0.15217391304347827,-0.5434782608695653,-0.5217391304347827,0.23913043478260843,-0.9565217391304347
RACS820113,-0.5478899082568807,0.3174311926605504,-0.384954128440367,-0.3225688073394495,-0.6058715596330275,1.0,-0.10605504587155967,-0.5765137614678899,-0.5911926605504587,-1.0,-0.28660550458715606,0.7555963302752295,-0.04220183486238527,-0.6675229357798166,-0.2396330275229358,-0.33504587155963317,-0.41064220183486233,-0.5471559633027524,-0.08477064220183494,0.14495412844036681
ROBB760103,0.9666666666666666,0.19333333333333313,0.31333333333333324,0.6666666666666667,0.7066666666666668,0.06666666666666665,0.45333333333333337,0.7333333333333334,0.5533333333333335,0.8866666666666667,1.0,0.11333333333333351,-1.0,0.56,0.54,0.32000000000000006,0.2533333333333334,0.6866666666666668,0.7866666666666666,0.2133333333333336
ROSG850101,-0.7068645640074211,-0.14162028447742725,-0.5683364254792826,-0.3692022263450834,0.6227581941867655,-1.0,0.14904143475572051,0.17625231910946204,-0.3494124922696351,0.2517006802721089,0.360544217687075,-0.5003092145949288,-0.6289424860853431,-0.30364873222016064,0.22820037105751378,-0.7192331478045764,-0.4607297464440321,-0.03401360544217691,1.0,0.4199134199134198
SNEP660101,0.3057851239669416,-0.00826446280991755,-0.8181818181818181,-0.553719008264463,0.22314049586776852,-1.0,-0.2561983471074384,0.8677685950413223,0.12396694214876014,1.0,0.5371900826446279,0.4710743801652888,-0.9173553719008264,0.6528925619834709,-0.15702479338843012,0.2561983471074376,-0.1239669421487607,0.5702479338842972,-0.6198347107438018,-0.4545454545454546
SNEP660103,-0.5501285347043703,-0.7403598971722365,-1.0,-0.8997429305912596,0.8586118251928019,-0.4550128534704371,0.5552699228791773,-0.26478149100257076,-0.14138817480719812,-0.28791773778920315,-0.372750642673522,-0.6169665809768639,-0.30848329048843204,-0.43958868894601555,-0.06426735218509005,-0.660668380462725,-0.8020565552699229,-0.6658097686375322,1.0,0.7120822622107967
SNEP660104,-0.2651605231866825,0.7859690844233056,-0.3055885850178359,-0.5552913198573127,0.058263971462544584,-0.15814506539833528,0.015457788347205792,-0.8525564803804994,-1.0,-0.7455410225921522,0.06539833531510109,0.27705112960761014,-0.20332936979785965,-0.17717003567181933,-0.5148632580261594,1.0,0.7098692033293699,-0.6218787158145065,0.0011890606420927874,0.4054696789536265
TANS770103,-0.420935412026726,0.6436525612472161,-1.0,-0.7483296213808464,0.1625835189309579,-0.5657015590200446,-0.2561247216035635,0.8507795100222719,-0.5434298440979957,0.2939866369710469,0.25167037861915387,-0.32739420935412034,0.6013363028953234,0.1314031180400892,0.24053452115812912,0.2538975501113585,0.5233853006681515,1.0,0.3006681514476617,0.8040089086859692
TANS770104,-0.4126527677929548,-0.7836089144500359,-0.511861969805895,-0.603882099209202,-1.0,-0.541337167505392,-0.8317757009345794,-0.8375269590222861,-0.5089863407620416,-0.8432782171099928,-0.6736161035226456,-0.7972681524083394,1.0,-0.34363767074047447,-0.6994967649173256,-0.23292595255212079,-0.4284687275341481,-0.8109273903666427,-0.9460819554277498,-0.6843997124370956
TANS770109,-0.4163736815670518,-0.42943244600703157,-0.044701155198392906,-0.3470617780010046,-0.7408337518834757,1.0,-0.8382722250125565,-0.6896032144650929,-0.41436464088397795,-0.6042189854344551,-0.3329984932194877,-0.15821195379206432,-0.7840281265695631,-0.6584630838774486,-1.0,-0.22049221496735327,-0.4987443495730789,-0.8021094927172274,-0.5851330989452537,-0.4545454545454546
TSAJ990101,-0.6863468634686347,-0.5239852398523985,-0.37761377613776137,-0.07749077490774903,0.5621156211562115,-1.0,0.15252152521525209,0.22017220172201712,0.24600246002460002,0.2214022140221401,0.25461254612546136,-0.27921279212792127,-0.28905289052890537,0.022140221402213944,0.5559655596555966,-0.6260762607626076,-0.3136531365313654,-0.08487084870848727,1.0,0.6088560885608856
TSAJ990102,-0.6925903245560319,-0.5296999387630129,-0.3582363747703613,-0.05327617881200253,0.5554194733619107,-1.0,0.16472749540722598,0.21249234537660766,0.25413349663196594,0.21371708511941212,0.2504592774035519,-0.2676056338028169,-0.2896509491733006,0.03490508266993264,0.5811390079608085,-0.6264543784445804,-0.3067973055725658,-0.09246785058175133,1.0,0.6178812002449481
VASM830101,-0.12587412587412583,0.04195804195804209,0.951048951048951,0.21678321678321688,-0.46153846153846145,-0.7132867132867133,0.4895104895104896,0.1398601398601398,0.11888111888111896,0.43356643356643354,0.6013986013986015,0.30069930069930084,-0.013986013986013957,0.5804195804195804,1.0,-1.0,-0.3706293706293705,0.9230769230769229,0.09090909090909105,-0.6083916083916083
VASM830102,0.23310344827586205,0.4675862068965517,-0.550344827586207,0.06206896551724128,-0.953103448275862,-0.08965517241379317,-0.31034482758620696,-0.8593103448275863,0.37655172413793103,0.542068965517241,0.02344827586206888,-0.373793103448276,0.873103448275862,-0.10896551724137937,0.10068965517241368,0.7351724137931033,1.0,-0.18344827586206913,-0.7241379310344828,-1.0
VHEG790101,-0.6752164678974023,-0.15275281816696606,0.47688286227740595,0.2674399607907205,-1.0,-0.5383107335402711,-0.0766214670805423,-0.8804116974350596,0.035451723574579486,-0.8630942656428687,-0.5713118771442574,-0.14295049828459394,-0.09165169090017955,-0.21123999346512,1.0,-0.33213527201437665,-0.4174154549910145,-0.8117954582584544,-0.8108152262702173,-0.3311550400261395
VINM940101,-0.1919191919191926,-0.9797979797979798,0.6565656565656564,0.9191919191919191,-0.8888888888888888,0.2828282828282813,-0.5353535353535361,-0.7676767676767675,1.0,-0.6868686868686866,-0.515151515151516,0.45454545454545414,0.4646464646464632,0.34343434343434187,0.05050505050504994,0.43434343434343403,-0.06060606060606122,-0.7272727272727271,-1.0,-0.7474747474747474
WARP780101,1.0,0.5921985815602842,-0.5177304964539008,-0.6560283687943262,0.26950354609929117,0.27304964539007104,0.09574468085106402,0.5319148936170217,-1.0,0.5567375886524821,0.6843971631205676,-0.5638297872340426,0.20212765957446832,-0.6418439716312057,-0.36879432624113484,-0.049645390070921835,-0.07801418439716301,0.5886524822695041,0.3014184397163122,-0.11347517730496437
WILM950102,-0.06362153344208821,-0.3719412724306689,-0.9543230016313213,-0.5644371941272431,1.0,-0.6786296900489397,-0.6117455138662318,0.2234910277324631,-0.9445350734094616,0.5807504078303425,-1.0,-0.6982055464926591,-0.5106035889070147,-0.766721044045677,-0.28548123980424156,-0.7177814029363785,-0.1957585644371943,-0.11582381729200664,0.4730831973898859,-0.2642740619902122
WILM950104,-0.8713450292397661,0.565302144249513,-0.5087719298245614,-0.16179337231968816,0.08576998050682261,-0.621832358674464,-1.0,1.0,-0.11111111111111105,-0.20272904483430798,-0.2943469785575048,0.13255360623781698,-0.4444444444444444,-0.38401559454191025,-0.10331384015594547,-0.03898635477582846,-0.37816764132553604,-0.013645224171539794,0.28460038986354785,-0.9181286549707602
WOLR810101,0.9596593455849396,0.674585387718512,-0.19587628865979367,-0.12864186463469285,0.7176154190945763,1.0,-0.1349170775437023,0.9784849843119676,-0.06768265351860148,0.9901389511429852,0.6530703720304796,-0.08202599731062299,0.45584939489018383,-0.05513222770058268,-1.0,0.33213805468399826,0.3482743164500226,0.9641416405199461,0.2586284177498881,0.23800986104885702
WOLS870101,0.1658878504672896,0.31542056074766345,1.0,0.8691588785046729,-1.0,0.6705607476635513,0.7126168224299065,-0.8878504672897197,0.8130841121495325,-0.8294392523364487,-0.4322429906542057,0.9018691588785046,-0.13551401869158874,0.6588785046728971,0.8224299065420559,0.6074766355140186,0.36448598130841114,-0.4789719626168225,-0.9602803738317757,-0.17523364485981308
WOLS870102,-0.1942286348501664,-0.025527192008878874,0.4406215316315205,0.27635960044395125,0.4783573806881243,-1.0,0.5760266370699225,-0.18312985571587115,0.5027746947835738,-0.0388457269700333,0.1298557158712541,0.5116537180910101,0.3851276359600444,0.307436182019978,0.7491675915649281,-0.1720310765815759,-0.27413984461709195,-0.37180910099889,1.0,0.7047724750277469
WOLS870103,-0.06737120211360648,1.0,0.5323645970937911,-0.10964332892998685,0.02774108322324964,-0.011889035667107084,0.20211360634081887,-0.3632760898282694,-0.9207397622192867,-0.3500660501981506,-0.19947159841479534,0.13077939233817704,0.49801849405548215,-0.3923381770145311,-1.0,0.059445178335534976,-0.4610303830911493,-0.4319682959048877,0.13342140026420068,-0.08850726552179666
